ts,open,high,low,close,n_obs,source,quality,xcheck_spread_bps,xcheck_sources
2021-01-25 00:00:00+00:00,0.99941,1.00008,0.999,1.00008,1,bitstamp,fallback,0.0,1
2021-01-26 00:00:00+00:00,0.9998,1.00008,0.99938,1.00003,1,bitstamp,fallback,0.0,1
2021-01-27 00:00:00+00:00,1.00001,1.0071,0.99895,0.99989,1,bitstamp,fallback,0.0,1
2021-01-28 00:00:00+00:00,0.99991,1.00095,0.99989,1.00057,1,bitstamp,fallback,0.0,1
2021-01-29 00:00:00+00:00,1.00061,1.00065,0.99996,1.00026,1,bitstamp,fallback,0.0,1
2021-01-30 00:00:00+00:00,1.00026,1.00085,0.99745,1.0,1,bitstamp,fallback,0.0,1
2021-01-31 00:00:00+00:00,0.99992,1.00024,0.9999,0.99992,1,bitstamp,fallback,0.0,1
2021-02-01 00:00:00+00:00,0.99992,1.0002,0.99595,0.99998,1,bitstamp,fallback,0.0,1
2021-02-02 00:00:00+00:00,0.99998,1.0002,0.99947,1.00016,1,bitstamp,fallback,0.0,1
2021-02-03 00:00:00+00:00,1.00015,1.0002,0.99895,0.99961,1,bitstamp,fallback,0.0,1
2021-02-04 00:00:00+00:00,1.00005,1.0002,0.99897,1.00018,1,bitstamp,fallback,0.0,1
2021-02-05 00:00:00+00:00,1.0,1.0005,0.99897,1.00048,1,bitstamp,fallback,0.0,1
2021-02-06 00:00:00+00:00,1.00002,1.00098,0.9995,1.00047,1,bitstamp,fallback,0.0,1
2021-02-07 00:00:00+00:00,0.99985,1.00255,0.99983,1.00043,1,bitstamp,fallback,0.0,1
2021-02-08 00:00:00+00:00,1.00065,1.00127,0.99988,1.00014,1,bitstamp,fallback,0.0,1
2021-02-09 00:00:00+00:00,1.00072,1.019,1.0,1.00012,1,bitstamp,fallback,0.0,1
2021-02-10 00:00:00+00:00,1.00012,1.00104,0.9999,1.00098,1,bitstamp,fallback,0.0,1
2021-02-11 00:00:00+00:00,1.00098,1.009,1.0,1.00001,1,bitstamp,fallback,0.0,1
2021-02-12 00:00:00+00:00,1.00005,1.00005,0.99975,1.00002,1,bitstamp,fallback,0.0,1
2021-02-13 00:00:00+00:00,1.00002,1.00005,0.997,0.99962,1,bitstamp,fallback,0.0,1
2021-02-14 00:00:00+00:00,0.99994,1.00005,0.99897,1.0,1,bitstamp,fallback,0.0,1
2021-02-15 00:00:00+00:00,1.0,1.00005,0.9998,0.99994,1,bitstamp,fallback,0.0,1
2021-02-16 00:00:00+00:00,0.99994,1.00005,0.99901,0.9999,1,bitstamp,fallback,0.0,1
2021-02-17 00:00:00+00:00,0.999975,1.0,0.999975,1.0,2,chainlink,measured,0.40000000000040004,1
2021-02-18 00:00:00+00:00,0.99990238,0.99990238,0.99990238,0.99990238,1,chainlink,measured,0.8762000000006598,1
2021-02-19 00:00:00+00:00,1.0,1.00020696,1.0,1.00012929,4,chainlink,measured,7.107099999998923,1
2021-02-20 00:00:00+00:00,1.00000877,1.00005,1.00000877,1.00005,2,chainlink,measured,1.100000000000545,1
2021-02-21 00:00:00+00:00,1.00005,1.00005,0.99991358,0.99991358,2,chainlink,measured,9.264199999999834,1
2021-02-22 00:00:00+00:00,1.00005,1.0002,1.00005,1.0002,2,chainlink,measured,1.7000000000000348,1
2021-02-23 00:00:00+00:00,1.00261988,1.00261988,0.99985522,0.99985522,3,chainlink,measured,1.447799999999555,1
2021-02-24 00:00:00+00:00,1.00015,1.00015,1.00015,1.00015,1,chainlink,measured,1.3000000000018552,1
2021-02-25 00:00:00+00:00,1.00011037,1.00020683,1.00011037,1.00020683,2,chainlink,measured,2.468300000000312,1
2021-02-26 00:00:00+00:00,1.00005,1.00005,1.0,1.0,2,chainlink,measured,0.49999999999994493,1
2021-02-27 00:00:00+00:00,1.0,1.0,0.99995,0.99995,3,chainlink,measured,1.60000000000049,1
2021-02-28 00:00:00+00:00,1.00037363,1.00037363,1.00013085,1.00034012,3,chainlink,measured,2.401199999999548,1
2021-03-01 00:00:00+00:00,1.0,1.0,0.99989654,0.99989654,2,chainlink,measured,2.9345999999996764,1
2021-03-02 00:00:00+00:00,1.00014859,1.00014859,1.00014859,1.00014859,1,chainlink,measured,0.21409999999999485,1
2021-03-03 00:00:00+00:00,1.0,1.0,1.0,1.0,1,chainlink,measured,1.7000000000000348,1
2021-03-04 00:00:00+00:00,0.99995,1.00000313,0.99995,1.00000313,2,chainlink,measured,0.03130000000073352,1
2021-03-05 00:00:00+00:00,1.00010351,1.00039589,1.000025,1.000025,3,chainlink,measured,0.2500000000016378,1
2021-03-06 00:00:00+00:00,1.00015,1.00015,0.9999,0.9999,2,chainlink,measured,1.5999999999993797,1
2021-03-07 00:00:00+00:00,1.0,1.0,1.0,1.0,1,chainlink,measured,0.5999999999994898,1
2021-03-08 00:00:00+00:00,1.0,1.00008481,1.0,1.00008481,4,chainlink,measured,1.848099999999242,1
2021-03-09 00:00:00+00:00,1.0,1.0001666,1.0,1.00001658,4,chainlink,measured,0.23419999999996222,1
2021-03-10 00:00:00+00:00,1.00000188,1.00000188,0.99951456,0.99997252,4,chainlink,measured,3.725199999999873,1
2021-03-11 00:00:00+00:00,1.00005,1.00005,1.0,1.0,3,chainlink,measured,0.0,1
2021-03-12 00:00:00+00:00,1.00020052,1.00026239,1.00020052,1.00026239,2,chainlink,measured,6.976100000000152,1
2021-03-13 00:00:00+00:00,1.00005,1.00018494,0.99995,0.99995,4,chainlink,measured,3.1999999999998696,1
2021-03-14 00:00:00+00:00,0.9999,1.00005,0.9999,0.99994724,3,chainlink,measured,1.4723999999999293,1
2021-03-15 00:00:00+00:00,0.9998109,1.00000205,0.9998109,1.00000205,4,chainlink,measured,4.420499999999716,1
2021-03-16 00:00:00+00:00,0.99995,0.99995,0.99995,0.99995,2,chainlink,measured,2.700000000001035,1
2021-03-17 00:00:00+00:00,1.00003756,1.00003756,0.99995,0.99995,2,chainlink,measured,7.200000000000539,1
2021-03-18 00:00:00+00:00,0.99991,1.00022,0.999,0.99951,1,bitstamp,fallback,0.0,1
2021-03-19 00:00:00+00:00,1.0,1.00020763,0.99994502,0.99994502,5,chainlink,measured,4.249800000000192,1
2021-03-20 00:00:00+00:00,1.0,1.00008382,1.0,1.00005,3,chainlink,measured,6.4000000000008495,1
2021-03-21 00:00:00+00:00,1.0,1.0,1.0,1.0,1,chainlink,measured,0.1999999999990898,1
2021-03-22 00:00:00+00:00,1.0,1.0,0.9997,0.9997,4,chainlink,measured,2.9000000000001247,1
2021-03-23 00:00:00+00:00,0.99993861,1.00020051,0.99993861,1.00020051,3,chainlink,measured,7.00509999999932,1
2021-03-24 00:00:00+00:00,1.00017444,1.00017444,1.00017444,1.00017444,1,chainlink,measured,7.644400000000884,1
2021-03-25 00:00:00+00:00,1.0,1.0,1.0,1.0,1,chainlink,measured,4.999999999999449,1
2021-03-26 00:00:00+00:00,1.00048754,1.00382847,0.99991994,1.00046359,6,chainlink,measured,9.135900000000197,1
2021-03-27 00:00:00+00:00,1.0001754,1.00425182,0.99990837,1.0,9,chainlink,measured,1.7000000000000348,1
2021-03-28 00:00:00+00:00,1.0,1.0,1.0,1.0,1,chainlink,measured,1.7000000000000348,1
2021-03-29 00:00:00+00:00,1.00005,1.00005,1.00005,1.00005,1,chainlink,measured,6.999999999999229,1
2021-03-30 00:00:00+00:00,1.00053278,1.00053278,1.00008218,1.00008218,2,chainlink,measured,7.478200000001767,1
2021-03-31 00:00:00+00:00,1.0000874,1.0008051,0.99931035,1.0008051,5,chainlink,measured,10.05099999999981,1
2021-04-01 00:00:00+00:00,0.99997301,1.00009959,0.99997301,1.00009959,4,chainlink,measured,6.504099999999902,1
2021-04-02 00:00:00+00:00,1.00013169,1.00013169,1.00011251,1.00011251,2,chainlink,measured,0.925099999999901,1
2021-04-03 00:00:00+00:00,1.00048725,1.00048725,0.9997,0.99990038,4,chainlink,measured,9.496199999999844,1
2021-04-04 00:00:00+00:00,1.00008546,1.0002389,0.9998,1.00021618,9,chainlink,measured,7.0382000000002165,1
2021-04-05 00:00:00+00:00,1.0,1.001,1.0,1.001,5,chainlink,measured,6.799999999997919,1
2021-04-06 00:00:00+00:00,1.00006692,1.00111513,0.99995538,1.00111513,6,chainlink,measured,3.8513000000017783,1
2021-04-07 00:00:00+00:00,1.00011149,1.00011149,1.0,1.0,2,chainlink,measured,0.5000000000010552,1
2021-04-08 00:00:00+00:00,1.00031372,1.00031372,1.0,1.0,2,chainlink,measured,2.9000000000001247,1
2021-04-09 00:00:00+00:00,0.99994997,0.99996426,0.99994997,0.99996426,2,chainlink,measured,4.242600000000651,1
2021-04-10 00:00:00+00:00,1.00003413,1.00032086,0.9997955,0.9997955,3,chainlink,measured,9.545000000000803,1
2021-04-11 00:00:00+00:00,1.00058212,1.00058212,1.00002246,1.00002246,2,chainlink,measured,5.224600000000024,1
2021-04-12 00:00:00+00:00,1.00051449,1.00051449,1.00014787,1.00014787,2,chainlink,measured,0.878699999999899,1
2021-04-13 00:00:00+00:00,1.00005569,1.00005569,0.99995503,0.99995503,2,chainlink,measured,10.449699999999229,1
2021-04-14 00:00:00+00:00,0.99972706,0.9999,0.99972706,0.9999,2,chainlink,measured,9.999999999998899,1
2021-04-15 00:00:00+00:00,1.00060278,1.00060278,1.00023783,1.00023783,2,chainlink,measured,6.92169999999992,1
2021-04-16 00:00:00+00:00,0.9999,1.00069806,0.9999,1.00069806,2,chainlink,measured,3.9194000000009055,1
2021-04-17 00:00:00+00:00,1.0,1.00045516,1.0,1.00045516,2,chainlink,measured,9.051599999999604,1
2021-04-18 00:00:00+00:00,1.00687572,1.01,1.0,1.0,7,chainlink,measured,6.000000000000449,1
2021-04-19 00:00:00+00:00,0.9997647,0.9999515,0.9997647,0.9999515,2,chainlink,measured,3.914999999999891,1
2021-04-20 00:00:00+00:00,1.00009541,1.00009541,1.0,1.0,2,chainlink,measured,7.399999999999629,1
2021-04-21 00:00:00+00:00,1.0,1.00006665,1.0,1.00006665,2,chainlink,measured,4.633499999999735,1
2021-04-22 00:00:00+00:00,1.0000663,1.0000663,0.99896042,0.99896042,2,chainlink,measured,19.095799999999663,1
2021-04-23 00:00:00+00:00,1.0,1.00101226,1.0,1.00101226,2,chainlink,measured,8.12260000000009,1
2021-04-24 00:00:00+00:00,1.0,1.0002211,1.0,1.0002211,2,chainlink,measured,1.7889999999987083,1
2021-04-25 00:00:00+00:00,0.99986584,1.0,0.99986584,1.0,2,chainlink,measured,9.799999999999809,1
2021-04-26 00:00:00+00:00,1.0,1.00003439,1.0,1.00003439,2,chainlink,measured,1.7561000000010374,1
2021-04-27 00:00:00+00:00,1.00006538,1.00006538,0.99998112,0.99998112,2,chainlink,measured,0.6888000000015992,1
2021-04-28 00:00:00+00:00,1.00004921,1.00013702,1.00004921,1.00013702,2,chainlink,measured,0.1702000000003423,1
2021-04-29 00:00:00+00:00,0.99985317,1.0,0.99985317,1.0,2,chainlink,measured,0.5999999999994898,1
2021-04-30 00:00:00+00:00,1.00011601,1.00015722,1.00010137,1.00015722,3,chainlink,measured,1.6721999999991244,1
2021-05-01 00:00:00+00:00,0.99976715,0.99985923,0.99950214,0.99985923,3,chainlink,measured,3.5922999999993266,1
2021-05-02 00:00:00+00:00,0.999921,1.00012137,0.999921,1.00012137,2,chainlink,measured,3.786299999999354,1
2021-05-03 00:00:00+00:00,0.99989845,0.99990433,0.99989845,0.99990433,2,chainlink,measured,3.956699999999591,1
2021-05-04 00:00:00+00:00,1.0,1.0,1.0,1.0,2,chainlink,measured,0.10000000000065512,1
2021-05-05 00:00:00+00:00,1.0,1.0000701,1.0,1.0000701,2,chainlink,measured,0.7010000000007288,1
2021-05-06 00:00:00+00:00,1.0,1.00012847,1.0,1.00012847,2,chainlink,measured,8.615300000001103,1
2021-05-07 00:00:00+00:00,1.0,1.0,0.99988917,0.99988917,3,chainlink,measured,9.708300000000891,1
2021-05-08 00:00:00+00:00,1.00012317,1.00012317,0.99997434,0.99997434,2,chainlink,measured,8.956599999999648,1
2021-05-09 00:00:00+00:00,1.0,1.00018689,1.0,1.00018689,2,chainlink,measured,0.4311000000001286,1
2021-05-10 00:00:00+00:00,1.00002742,1.00017525,0.99991636,0.99991636,3,chainlink,measured,4.163599999998935,1
2021-05-11 00:00:00+00:00,1.0,1.00014451,1.0,1.00014451,2,chainlink,measured,1.4548999999997037,1
2021-05-12 00:00:00+00:00,1.0,1.00015721,1.0,1.00015721,2,chainlink,measured,1.7721000000003873,1
2021-05-13 00:00:00+00:00,1.0,1.00009108,1.0,1.00009108,2,chainlink,measured,10.389200000000542,1
2021-05-14 00:00:00+00:00,1.00019436,1.00019436,0.9999996,0.9999996,2,chainlink,measured,10.003999999999014,1
2021-05-15 00:00:00+00:00,1.00007586,1.00067846,1.00007586,1.00067846,2,chainlink,measured,6.184600000000984,1
2021-05-16 00:00:00+00:00,1.00022717,1.00022717,1.00006182,1.00006182,2,chainlink,measured,5.418200000000262,1
2021-05-17 00:00:00+00:00,1.00121636,1.00121636,1.00024552,1.00024552,2,chainlink,measured,5.944799999999528,1
2021-05-18 00:00:00+00:00,1.00000282,1.00000282,0.99980585,0.99980585,2,chainlink,measured,1.6415000000002955,1
2021-05-19 00:00:00+00:00,1.00046901,1.0059668,0.99950602,1.00138846,6,chainlink,measured,15.184599999999993,1
2021-05-20 00:00:00+00:00,1.00012144,1.00020781,1.00012144,1.00020781,2,chainlink,measured,0.9780999999997597,1
2021-05-21 00:00:00+00:00,1.00064318,1.00064318,1.00048948,1.00048948,2,chainlink,measured,6.8947999999990905,1
2021-05-22 00:00:00+00:00,1.00039987,1.00046489,1.00039987,1.00046489,2,chainlink,measured,4.548899999998746,1
2021-05-23 00:00:00+00:00,1.001,1.00656212,1.00047279,1.00047279,4,chainlink,measured,5.627899999999242,1
2021-05-24 00:00:00+00:00,0.99996513,1.00027551,0.99996513,1.00027551,2,chainlink,measured,6.644899999999065,1
2021-05-25 00:00:00+00:00,1.00043901,1.00043901,1.00037078,1.00037078,2,chainlink,measured,8.607799999998944,1
2021-05-26 00:00:00+00:00,1.00039315,1.00039315,1.00021895,1.00021895,2,chainlink,measured,4.089500000000745,1
2021-05-27 00:00:00+00:00,1.00008956,1.00036631,1.00008956,1.00036631,2,chainlink,measured,4.663099999999698,1
2021-05-28 00:00:00+00:00,1.0,1.0,1.0,1.0,2,chainlink,measured,0.20000000000020002,1
2021-05-29 00:00:00+00:00,1.00012724,1.00012724,1.00011706,1.00011706,2,chainlink,measured,1.0705999999993665,1
2021-05-30 00:00:00+00:00,1.0,1.0,1.0,1.0,1,chainlink,measured,0.8999999999992347,1
2021-05-31 00:00:00+00:00,1.00020234,1.00020234,0.9998147,0.9998147,2,chainlink,measured,2.146999999999011,1
2021-06-01 00:00:00+00:00,1.00016636,1.00016636,1.0,1.0,2,chainlink,measured,3.9999999999995595,1
2021-06-02 00:00:00+00:00,0.99995042,1.00015354,0.99995042,1.00015265,3,chainlink,measured,1.626499999999309,1
2021-06-03 00:00:00+00:00,1.00021199,1.00021199,1.00002912,1.00002912,2,chainlink,measured,4.99119999999964,1
2021-06-04 00:00:00+00:00,1.00027645,1.00027645,1.00027645,1.00027645,1,chainlink,measured,5.1645000000011265,1
2021-06-05 00:00:00+00:00,1.00010414,1.00024427,1.00008079,1.00008079,3,chainlink,measured,0.8078999999994174,1
2021-06-06 00:00:00+00:00,1.0,1.00017307,1.0,1.00017307,2,chainlink,measured,2.730699999999864,1
2021-06-07 00:00:00+00:00,0.9999,1.00030909,0.9999,1.00030909,2,chainlink,measured,2.190900000000884,1
2021-06-08 00:00:00+00:00,1.0000456,1.00074288,1.0000456,1.00074288,2,chainlink,measured,7.428800000000013,1
2021-06-09 00:00:00+00:00,0.9999,0.9999,0.9999,0.9999,1,chainlink,measured,3.9000000000000146,1
2021-06-10 00:00:00+00:00,1.0000964,1.0000964,0.99999909,0.99999909,2,chainlink,measured,3.0909000000001186,1
2021-06-11 00:00:00+00:00,1.00016169,1.00037068,1.00016169,1.00037068,3,chainlink,measured,3.706800000000676,1
2021-06-12 00:00:00+00:00,1.00028188,1.00028188,1.00009129,1.00009129,2,chainlink,measured,0.18709999999977356,1
2021-06-13 00:00:00+00:00,1.00059063,1.00059063,1.00059063,1.00059063,1,chainlink,measured,8.606300000000289,1
2021-06-14 00:00:00+00:00,1.0,1.00012656,1.0,1.00012656,2,chainlink,measured,1.7343999999996917,1
2021-06-15 00:00:00+00:00,1.00027396,1.00027396,1.00023795,1.00023795,2,chainlink,measured,3.279500000000768,1
2021-06-16 00:00:00+00:00,1.00023128,1.00023128,1.0,1.0,3,chainlink,measured,0.0,1
2021-06-17 00:00:00+00:00,1.00001297,1.00001297,1.0,1.0,2,chainlink,measured,1.2999999999996348,1
2021-06-18 00:00:00+00:00,1.00014353,1.00014353,1.00014353,1.00014353,1,chainlink,measured,1.435299999998918,1
2021-06-19 00:00:00+00:00,1.00010784,1.00062682,1.00010784,1.00062682,3,chainlink,measured,10.168199999999183,1
2021-06-20 00:00:00+00:00,1.000523,1.001,1.000523,1.001,2,chainlink,measured,7.999999999999119,1
2021-06-21 00:00:00+00:00,1.00023624,1.00028164,1.00023624,1.00028164,2,chainlink,measured,7.216400000000789,1
2021-06-22 00:00:00+00:00,1.00025527,1.00036452,1.00025527,1.00036452,2,chainlink,measured,1.0452000000005235,1
2021-06-23 00:00:00+00:00,1.00026149,1.00026149,1.0002246,1.0002246,2,chainlink,measured,2.7540000000003673,1
2021-06-24 00:00:00+00:00,1.00017311,1.00018811,1.00017311,1.00018811,2,chainlink,measured,0.48110000000045616,1
2021-06-25 00:00:00+00:00,0.9999,1.00017259,0.9999,1.00017259,2,chainlink,measured,4.72589999999995,1
2021-06-26 00:00:00+00:00,1.00048568,1.00048568,1.00042567,1.00042567,2,chainlink,measured,6.956700000000371,1
2021-06-27 00:00:00+00:00,1.00023577,1.00051825,1.00023577,1.00051825,2,chainlink,measured,6.582500000000824,1
2021-06-28 00:00:00+00:00,1.00009,1.00009,0.99999536,0.99999536,2,chainlink,measured,2.4535999999997227,1
2021-06-29 00:00:00+00:00,1.0,1.0,1.0,1.0,2,chainlink,measured,1.2000000000000899,1
2021-06-30 00:00:00+00:00,1.00033113,1.00033113,1.00005717,1.00005717,2,chainlink,measured,0.5717000000005079,1
2021-07-01 00:00:00+00:00,1.00044224,1.00044224,1.00019903,1.00019903,2,chainlink,measured,2.00969999999856,1
2021-07-02 00:00:00+00:00,1.00023394,1.00023394,1.00018619,1.00018619,2,chainlink,measured,0.46189999999945996,1
2021-07-03 00:00:00+00:00,1.0,1.00001368,1.0,1.00001368,2,chainlink,measured,4.163200000000256,1
2021-07-04 00:00:00+00:00,1.0,1.0,1.0,1.0,2,chainlink,measured,0.9999999999998899,1
2021-07-05 00:00:00+00:00,1.00020582,1.00020582,1.00012254,1.00012254,2,chainlink,measured,3.825400000000423,1
2021-07-06 00:00:00+00:00,1.0002078,1.0002078,1.00018481,1.00018481,2,chainlink,measured,4.648099999998712,1
2021-07-07 00:00:00+00:00,1.00039726,1.00039726,1.00003347,1.00003347,2,chainlink,measured,0.2652999999996908,1
2021-07-08 00:00:00+00:00,0.99998472,0.99998472,0.99998472,0.99998472,1,chainlink,measured,1.547200000000526,1
2021-07-09 00:00:00+00:00,0.99999963,1.0,0.99999963,1.0,3,chainlink,measured,0.10000000000065512,1
2021-07-10 00:00:00+00:00,1.00026229,1.00026229,1.0001719,1.0001719,2,chainlink,measured,2.018999999999771,1
2021-07-11 00:00:00+00:00,1.00045769,1.00045769,1.0001,1.0001,2,chainlink,measured,4.999999999999449,1
2021-07-12 00:00:00+00:00,1.00007066,1.00007066,1.0,1.0,3,chainlink,measured,3.8000000000004697,1
2021-07-13 00:00:00+00:00,1.00012026,1.00012026,1.0,1.0,2,chainlink,measured,1.9999999999997797,1
2021-07-14 00:00:00+00:00,1.0,1.00000765,1.0,1.00000765,2,chainlink,measured,5.723500000001103,1
2021-07-15 00:00:00+00:00,1.00019123,1.00019123,1.00016127,1.00016127,2,chainlink,measured,2.6126999999998013,1
2021-07-16 00:00:00+00:00,1.00014685,1.00014685,1.00002606,1.00002606,2,chainlink,measured,2.160599999999624,1
2021-07-17 00:00:00+00:00,1.00003962,1.00032683,1.00003962,1.00032683,2,chainlink,measured,2.4682999999980915,1
2021-07-18 00:00:00+00:00,1.00059736,1.00097802,1.00059736,1.00097802,2,chainlink,measured,10.880200000000784,1
2021-07-19 00:00:00+00:00,1.00051145,1.00051145,1.00017358,1.00017358,2,chainlink,measured,1.935800000000265,1
2021-07-20 00:00:00+00:00,1.00021968,1.00021968,1.00016776,1.00016776,2,chainlink,measured,2.777600000001268,1
2021-07-21 00:00:00+00:00,1.0,1.0,1.0,1.0,3,chainlink,measured,0.49999999999994493,1
2021-07-22 00:00:00+00:00,1.0001831,1.0001831,1.00006579,1.00006579,2,chainlink,measured,3.7420999999993043,1
2021-07-23 00:00:00+00:00,1.00024244,1.00024244,1.00024244,1.00024244,1,chainlink,measured,4.17560000000039,1
2021-07-24 00:00:00+00:00,1.00016852,1.00059136,1.00016852,1.00059136,3,chainlink,measured,3.6864000000003116,1
2021-07-25 00:00:00+00:00,1.00017232,1.00026635,1.00017232,1.00026635,2,chainlink,measured,1.1634999999987627,1
2021-07-26 00:00:00+00:00,1.00003143,1.0000635,1.00003143,1.0000635,2,chainlink,measured,0.134999999998886,1
2021-07-27 00:00:00+00:00,1.00026695,1.00027313,1.00026695,1.00027313,2,chainlink,measured,5.268699999998461,1
2021-07-28 00:00:00+00:00,1.0,1.00001335,1.0,1.00001335,2,chainlink,measured,1.5665000000009144,1
2021-07-29 00:00:00+00:00,1.00019896,1.00019896,1.00015705,1.00015705,2,chainlink,measured,1.6705000000005743,1
2021-07-30 00:00:00+00:00,1.00013525,1.00029399,1.00013525,1.00029399,2,chainlink,measured,0.36009999999864206,1
2021-07-31 00:00:00+00:00,0.99995173,0.99999237,0.99995173,0.99999237,2,chainlink,measured,2.6236999999995625,1
2021-08-01 00:00:00+00:00,0.99995561,1.00003242,0.99995561,1.00003242,2,chainlink,measured,0.1758000000018356,1
2021-08-02 00:00:00+00:00,1.0,1.0,1.0,1.0,2,chainlink,measured,0.40000000000040004,1
2021-08-03 00:00:00+00:00,1.0,1.00001753,1.0,1.00001753,2,chainlink,measured,2.175300000000213,1
2021-08-04 00:00:00+00:00,1.0,1.0,0.9999,0.9999,2,chainlink,measured,0.9999999999998899,1
2021-08-05 00:00:00+00:00,1.00015911,1.00015911,1.0,1.0,2,chainlink,measured,3.9000000000000146,1
2021-08-06 00:00:00+00:00,0.99988525,0.99996101,0.99988525,0.99996101,2,chainlink,measured,0.6898999999993549,1
2021-08-07 00:00:00+00:00,0.99994994,1.00004564,0.99994994,1.00004564,2,chainlink,measured,5.843599999999505,1
2021-08-08 00:00:00+00:00,0.99994185,0.99994185,0.99954858,0.99954858,2,chainlink,measured,7.614200000000126,1
2021-08-09 00:00:00+00:00,0.99983963,0.99993679,0.99983963,0.99993679,2,chainlink,measured,1.2679000000004326,1
2021-08-10 00:00:00+00:00,0.99991747,1.0,0.99991747,1.0,2,chainlink,measured,0.700000000000145,1
2021-08-11 00:00:00+00:00,0.9997618,0.9997618,0.99974356,0.99974356,2,chainlink,measured,2.0644000000002993,1
2021-08-12 00:00:00+00:00,1.00005222,1.00005475,1.00005222,1.00005475,2,chainlink,measured,0.047499999999978115,1
2021-08-13 00:00:00+00:00,1.0,1.00005,1.0,1.00005,2,chainlink,measured,5.499999999998284,1
2021-08-14 00:00:00+00:00,1.0000501,1.0000501,1.0,1.0,2,chainlink,measured,0.5999999999994898,1
2021-08-15 00:00:00+00:00,1.00008049,1.00010484,1.00008049,1.00010484,2,chainlink,measured,3.251599999998245,1
2021-08-16 00:00:00+00:00,0.9999804,1.00003779,0.9999804,1.00003779,2,chainlink,measured,3.1778999999987345,1
2021-08-17 00:00:00+00:00,0.99998361,1.00011833,0.99998361,1.00011833,2,chainlink,measured,3.183300000000333,1
2021-08-18 00:00:00+00:00,0.9999951,0.9999951,0.9999951,0.9999951,1,chainlink,measured,0.04899999999974369,1
2021-08-19 00:00:00+00:00,1.0,1.00005074,0.99993132,0.99993132,3,chainlink,measured,6.286799999999371,1
2021-08-20 00:00:00+00:00,0.99988392,1.00020574,0.99983385,1.00020574,3,chainlink,measured,3.9425999999997963,1
2021-08-21 00:00:00+00:00,0.99995435,1.0,0.99995435,1.0,2,chainlink,measured,10.600000000000609,1
2021-08-22 00:00:00+00:00,1.00007177,1.00015149,1.00007177,1.00015149,2,chainlink,measured,3.885100000000641,1
2021-08-23 00:00:00+00:00,0.99998774,1.00006886,0.99998774,1.00006886,2,chainlink,measured,3.61139999999871,1
2021-08-24 00:00:00+00:00,1.00011822,1.00025678,1.00011822,1.00025678,2,chainlink,measured,2.367800000000475,1
2021-08-25 00:00:00+00:00,1.00025205,1.00025205,1.00011011,1.00011011,2,chainlink,measured,3.6988999999998384,1
2021-08-26 00:00:00+00:00,1.00002147,1.00013533,1.00002147,1.00013533,2,chainlink,measured,0.15330000000091104,1
2021-08-27 00:00:00+00:00,1.0,1.0,0.9998102,0.9998102,2,chainlink,measured,3.097999999999157,1
2021-08-28 00:00:00+00:00,1.00008354,1.00032848,1.00008354,1.00032848,2,chainlink,measured,0.8151999999994608,1
2021-08-29 00:00:00+00:00,1.0001997,1.00020646,1.0001997,1.00020646,2,chainlink,measured,0.2645999999995041,1
2021-08-30 00:00:00+00:00,1.00033827,1.00033827,1.00033827,1.00033827,1,chainlink,measured,2.582700000000049,1
2021-08-31 00:00:00+00:00,1.00004532,1.00004532,1.00004532,1.00004532,1,chainlink,measured,1.4468000000000814,1
2021-09-01 00:00:00+00:00,1.00003286,1.00003286,1.00003286,1.00003286,1,chainlink,measured,1.3714000000009108,1
2021-09-02 00:00:00+00:00,0.99991382,0.99991382,0.99991382,0.99991382,1,chainlink,measured,5.261800000000427,1
2021-09-03 00:00:00+00:00,1.0,1.0,1.0,1.0,1,chainlink,measured,0.700000000000145,1
2021-09-04 00:00:00+00:00,1.00018702,1.00018702,1.00018702,1.00018702,1,chainlink,measured,2.670200000000067,1
2021-09-05 00:00:00+00:00,0.99976921,0.99976921,0.99976921,0.99976921,1,chainlink,measured,4.107900000001052,1
2021-09-06 00:00:00+00:00,1.0,1.0,1.0,1.0,1,chainlink,measured,0.8000000000008001,1
2021-09-07 00:00:00+00:00,1.00032456,1.00032456,1.00032456,1.00032456,1,chainlink,measured,5.045599999998762,1
2021-09-08 00:00:00+00:00,1.00006564,1.00006564,1.00006564,1.00006564,1,chainlink,measured,0.056400000001399775,1
2021-09-09 00:00:00+00:00,1.00029248,1.00029248,1.0,1.0,2,chainlink,measured,2.8999999999990145,1
2021-09-10 00:00:00+00:00,1.00036529,1.00036529,1.00036529,1.00036529,1,chainlink,measured,1.2528999999994461,1
2021-09-11 00:00:00+00:00,0.99998653,0.99998653,0.99998653,0.99998653,1,chainlink,measured,2.334700000000689,1
2021-09-12 00:00:00+00:00,0.99995364,0.99995364,0.99995364,0.99995364,1,chainlink,measured,2.5636000000006653,1
2021-09-13 00:00:00+00:00,1.00013176,1.00013176,1.00013176,1.00013176,1,chainlink,measured,0.21759999999870772,1
2021-09-14 00:00:00+00:00,1.00014607,1.00014607,1.00014607,1.00014607,1,chainlink,measured,0.3393000000007085,1
2021-09-15 00:00:00+00:00,1.0,1.0,1.0,1.0,1,chainlink,measured,3.6000000000002697,1
2021-09-16 00:00:00+00:00,1.00008978,1.00008978,1.00008711,1.00008711,2,chainlink,measured,2.2710999999997483,1
2021-09-17 00:00:00+00:00,1.00016643,1.00016643,1.00016643,1.00016643,1,chainlink,measured,6.664299999998846,1
2021-09-18 00:00:00+00:00,1.0,1.0,1.0,1.0,1,chainlink,measured,0.0,1
2021-09-19 00:00:00+00:00,1.00004799,1.00004799,1.00004799,1.00004799,1,chainlink,measured,4.579900000001302,1
2021-09-20 00:00:00+00:00,1.00034549,1.00034549,1.00034549,1.00034549,1,chainlink,measured,6.954899999999098,1
2021-09-21 00:00:00+00:00,1.00006664,1.00006664,1.00006664,1.00006664,1,chainlink,measured,4.0335999999996375,1
2021-09-22 00:00:00+00:00,1.00006938,1.00006938,1.00006938,1.00006938,1,chainlink,measured,2.106200000000502,1
2021-09-23 00:00:00+00:00,1.00038071,1.00043625,1.00038071,1.00043625,2,chainlink,measured,7.962499999999428,1
2021-09-24 00:00:00+00:00,1.0000615,1.0000615,1.0000615,1.0000615,1,chainlink,measured,0.914999999999111,1
2021-09-25 00:00:00+00:00,1.00020884,1.00020884,1.00020884,1.00020884,1,chainlink,measured,1.7884000000001343,1
2021-09-26 00:00:00+00:00,1.0002482,1.0002482,1.0002482,1.0002482,1,chainlink,measured,5.981999999998822,1
2021-09-27 00:00:00+00:00,1.00020487,1.00020487,1.00020487,1.00020487,1,chainlink,measured,1.948699999998471,1
2021-09-28 00:00:00+00:00,1.00026215,1.00026215,1.00026215,1.00026215,1,chainlink,measured,1.6214999999997204,1
2021-09-29 00:00:00+00:00,1.00021263,1.00021263,1.00021263,1.00021263,1,chainlink,measured,4.026300000000704,1
2021-09-30 00:00:00+00:00,1.00013406,1.00013406,1.0,1.0,2,chainlink,measured,0.0,1
2021-10-01 00:00:00+00:00,0.99995494,0.99995494,0.99995494,0.99995494,1,chainlink,measured,0.9506000000014669,1
2021-10-02 00:00:00+00:00,1.0,1.0,1.0,1.0,1,chainlink,measured,3.9999999999995595,1
2021-10-03 00:00:00+00:00,0.99993278,0.99993278,0.99993278,0.99993278,1,chainlink,measured,0.7277999999999452,1
2021-10-04 00:00:00+00:00,1.00020526,1.00020526,1.00020526,1.00020526,1,chainlink,measured,0.7526000000002142,1
2021-10-05 00:00:00+00:00,1.00007539,1.00007539,1.00007539,1.00007539,1,chainlink,measured,0.3538999999985748,1
2021-10-06 00:00:00+00:00,1.00011781,1.00011781,1.00011781,1.00011781,1,chainlink,measured,3.3218999999995447,1
2021-10-07 00:00:00+00:00,0.99995,0.99995,0.99988161,0.99988161,2,chainlink,measured,3.783899999999507,1
2021-10-08 00:00:00+00:00,1.0,1.0,1.0,1.0,1,chainlink,measured,1.9999999999997797,1
2021-10-09 00:00:00+00:00,0.99993643,0.99993643,0.99993643,0.99993643,1,chainlink,measured,1.435700000000928,1
2021-10-10 00:00:00+00:00,0.99995226,0.99995226,0.99995226,0.99995226,1,chainlink,measured,1.177399999999773,1
2021-10-11 00:00:00+00:00,1.0000487,1.0000487,1.0000487,1.0000487,1,chainlink,measured,2.2129999999997985,1
2021-10-12 00:00:00+00:00,1.0,1.0,1.0,1.0,1,chainlink,measured,2.80000000000058,1
2021-10-13 00:00:00+00:00,1.0,1.0,1.0,1.0,1,chainlink,measured,1.40000000000029,1
2021-10-14 00:00:00+00:00,0.99996865,1.00004836,0.99996865,1.00004836,2,chainlink,measured,3.616399999999409,1
2021-10-15 00:00:00+00:00,1.00007034,1.00007034,1.00007034,1.00007034,1,chainlink,measured,2.4966000000015143,1
2021-10-16 00:00:00+00:00,1.00004021,1.00004021,1.00004021,1.00004021,1,chainlink,measured,2.5978999999987096,1
2021-10-17 00:00:00+00:00,1.0,1.0,1.0,1.0,1,chainlink,measured,2.500000000000835,1
2021-10-18 00:00:00+00:00,1.00035511,1.00035511,1.00035511,1.00035511,1,chainlink,measured,0.5511000000013588,1
2021-10-19 00:00:00+00:00,1.00007102,1.00007102,1.00007102,1.00007102,1,chainlink,measured,1.3898000000001076,1
2021-10-20 00:00:00+00:00,1.0,1.0,1.0,1.0,1,chainlink,measured,1.100000000000545,1
2021-10-21 00:00:00+00:00,1.0,1.00017366,1.0,1.00017366,2,chainlink,measured,1.1633999999993705,1
2021-10-22 00:00:00+00:00,1.00084092,1.00084092,1.00084092,1.00084092,1,chainlink,measured,4.009199999999158,1
2021-10-23 00:00:00+00:00,1.00047288,1.00047288,1.00047288,1.00047288,1,chainlink,measured,2.7288000000003088,1
2021-10-24 00:00:00+00:00,1.0002041,1.0002041,1.0002041,1.0002041,1,chainlink,measured,4.140999999999728,1
2021-10-25 00:00:00+00:00,1.0,1.0,1.0,1.0,1,chainlink,measured,0.2999999999997449,1
2021-10-26 00:00:00+00:00,1.00015736,1.00015736,1.00015736,1.00015736,1,chainlink,measured,0.9264000000008821,1
2021-10-27 00:00:00+00:00,1.00023346,1.00023346,1.00023346,1.00023346,1,chainlink,measured,2.3346000000001865,1
2021-10-28 00:00:00+00:00,1.0,1.0,1.0,1.0,2,chainlink,measured,1.9999999999997797,1
2021-10-29 00:00:00+00:00,1.0002129,1.0002129,1.0002129,1.0002129,1,chainlink,measured,0.8710000000000662,1
2021-10-30 00:00:00+00:00,1.0,1.0,1.0,1.0,1,chainlink,measured,2.9999999999996696,1
2021-10-31 00:00:00+00:00,1.00019683,1.00019683,1.00019683,1.00019683,1,chainlink,measured,1.1682999999984567,1
2021-11-01 00:00:00+00:00,1.00029943,1.00029943,1.00029943,1.00029943,1,chainlink,measured,5.294300000000529,1
2021-11-02 00:00:00+00:00,1.00002622,1.00002622,1.00002622,1.00002622,1,chainlink,measured,0.23780000000028778,1
2021-11-03 00:00:00+00:00,1.00015832,1.00015832,1.00015832,1.00015832,1,chainlink,measured,2.1831999999988305,1
2021-11-04 00:00:00+00:00,1.00017297,1.00017297,1.0001055,1.0001055,2,chainlink,measured,3.655000000001296,1
2021-11-05 00:00:00+00:00,1.00011956,1.00011956,1.00011956,1.00011956,1,chainlink,measured,2.4044000000000842,1
2021-11-06 00:00:00+00:00,1.00012328,1.00012328,1.00012328,1.00012328,1,chainlink,measured,2.2327999999993686,1
2021-11-07 00:00:00+00:00,1.000185,1.000185,1.000185,1.000185,1,chainlink,measured,6.250000000000977,1
2021-11-08 00:00:00+00:00,1.0,1.0,1.0,1.0,1,chainlink,measured,1.9999999999997797,1
2021-11-09 00:00:00+00:00,1.00006923,1.00006923,1.00006923,1.00006923,1,chainlink,measured,1.8077000000005228,1
2021-11-10 00:00:00+00:00,1.00016251,1.00016251,1.00016251,1.00016251,1,chainlink,measured,1.3748999999996236,1
2021-11-11 00:00:00+00:00,1.00003833,1.00003833,1.00003833,1.00003833,1,chainlink,measured,1.4167000000009367,1
2021-11-12 00:00:00+00:00,1.00029577,1.00029577,1.00029577,1.00029577,1,chainlink,measured,3.357699999999575,1
2021-11-13 00:00:00+00:00,1.0,1.0,1.0,1.0,1,chainlink,measured,0.9999999999998899,1
2021-11-14 00:00:00+00:00,1.00000074,1.00000074,1.00000074,1.00000074,1,chainlink,measured,2.892599999999579,1
2021-11-15 00:00:00+00:00,1.00020465,1.00020465,1.00013311,1.00013311,2,chainlink,measured,3.931099999999743,1
2021-11-16 00:00:00+00:00,1.00016629,1.00016629,1.00016629,1.00016629,1,chainlink,measured,1.9628999999987684,1
2021-11-17 00:00:00+00:00,1.00015504,1.00015504,1.00015504,1.00015504,1,chainlink,measured,1.3504000000019722,1
2021-11-18 00:00:00+00:00,1.0,1.0001055,1.0,1.0001055,2,chainlink,measured,1.1550000000004612,1
2021-11-19 00:00:00+00:00,1.00006251,1.00006251,1.00006251,1.00006251,1,chainlink,measured,0.27489999999907866,1
2021-11-20 00:00:00+00:00,1.00024652,1.00024652,1.00024652,1.00024652,1,chainlink,measured,1.765199999999023,1
2021-11-21 00:00:00+00:00,1.00014189,1.00014189,1.00014189,1.00014189,1,chainlink,measured,1.5810999999987807,1
2021-11-22 00:00:00+00:00,1.00012735,1.00012735,1.00012735,1.00012735,1,chainlink,measured,0.9265000000002743,1
2021-11-23 00:00:00+00:00,1.00005266,1.00005266,1.00005266,1.00005266,1,chainlink,measured,10.526599999999275,1
2021-11-24 00:00:00+00:00,1.0,1.0,1.0,1.0,1,chainlink,measured,5.199999999999649,1
2021-11-25 00:00:00+00:00,1.00016584,1.00016584,1.0001055,1.0001055,2,chainlink,measured,2.1550000000014613,1
2021-11-26 00:00:00+00:00,0.99989585,0.99989585,0.99989585,0.99989585,1,chainlink,measured,8.958500000000313,1
2021-11-27 00:00:00+00:00,1.00010195,1.00010195,1.00010195,1.00010195,1,chainlink,measured,1.9805000000006068,1
2021-11-28 00:00:00+00:00,1.00002591,1.00002591,1.00002591,1.00002591,1,chainlink,measured,2.2590999999994033,1
2021-11-29 00:00:00+00:00,1.00023951,1.00023951,1.00023951,1.00023951,1,chainlink,measured,4.395100000000873,1
2021-11-30 00:00:00+00:00,1.00003603,1.00003603,1.00003603,1.00003603,1,chainlink,measured,0.760300000000047,1
2021-12-01 00:00:00+00:00,1.0,1.0,1.0,1.0,1,chainlink,measured,1.2999999999996348,1
2021-12-02 00:00:00+00:00,1.0,1.0001055,1.0,1.0001055,2,chainlink,measured,5.055000000000476,1
2021-12-03 00:00:00+00:00,1.0000321,1.0000321,1.0000321,1.0000321,1,chainlink,measured,2.4210000000013387,1
2021-12-04 00:00:00+00:00,1.00561475,1.00561475,1.00057289,1.00057289,2,chainlink,measured,1.8289000000004663,1
2021-12-05 00:00:00+00:00,1.00028311,1.00028311,1.00028311,1.00028311,1,chainlink,measured,6.831099999999868,1
2021-12-06 00:00:00+00:00,1.0,1.0,1.0,1.0,1,chainlink,measured,1.9999999999997797,1
2021-12-07 00:00:00+00:00,1.00026641,1.00026641,1.00026641,1.00026641,1,chainlink,measured,22.06410000000103,1
2021-12-08 00:00:00+00:00,1.0,1.0,1.0,1.0,2,chainlink,measured,4.8000000000003595,1
2021-12-09 00:00:00+00:00,1.00027259,1.00027259,1.00027259,1.00027259,1,chainlink,measured,3.3258999999996597,1
2021-12-10 00:00:00+00:00,1.00009584,1.00009584,1.00009584,1.00009584,1,chainlink,measured,1.541600000001253,1
2021-12-11 00:00:00+00:00,1.00019542,1.00019542,1.00019542,1.00019542,1,chainlink,measured,1.9542000000005721,1
2021-12-12 00:00:00+00:00,1.00048089,1.00048089,1.00048089,1.00048089,1,chainlink,measured,4.908899999999106,1
2021-12-13 00:00:00+00:00,1.0,1.0,1.0,1.0,1,chainlink,measured,1.2999999999996348,1
2021-12-14 00:00:00+00:00,1.00038445,1.00038445,1.00038445,1.00038445,1,chainlink,measured,4.1445000000006615,1
2021-12-15 00:00:00+00:00,1.00031044,1.00031044,1.00031044,1.00031044,1,chainlink,measured,5.704400000000609,1
2021-12-16 00:00:00+00:00,1.00075755,1.00075755,1.00075755,1.00075755,1,chainlink,measured,8.575500000000957,1
2021-12-17 00:00:00+00:00,1.00019701,1.00019701,1.00019701,1.00019701,1,chainlink,measured,0.42990000000076023,1
2021-12-18 00:00:00+00:00,1.00012864,1.00012864,1.00012864,1.00012864,1,chainlink,measured,1.1863999999994768,1
2021-12-19 00:00:00+00:00,1.00017427,1.00017427,1.00017427,1.00017427,1,chainlink,measured,2.0573000000001507,1
2021-12-20 00:00:00+00:00,1.0,1.0,1.0,1.0,1,chainlink,measured,2.1999999999999797,1
2021-12-21 00:00:00+00:00,1.00013557,1.00013557,1.00013557,1.00013557,1,chainlink,measured,0.355700000000958,1
2021-12-22 00:00:00+00:00,1.0,1.0,1.0,1.0,1,chainlink,measured,9.000000000000119,1
2021-12-23 00:00:00+00:00,1.0,1.0,1.0,1.0,1,chainlink,measured,0.40000000000040004,1
2021-12-24 00:00:00+00:00,1.00054714,1.00054714,1.00054714,1.00054714,1,chainlink,measured,9.271399999999375,1
2021-12-25 00:00:00+00:00,1.0,1.0,1.0,1.0,1,chainlink,measured,1.7999999999995797,1
2021-12-26 00:00:00+00:00,1.0,1.0,1.0,1.0,1,chainlink,measured,0.8000000000008001,1
2021-12-27 00:00:00+00:00,1.00031989,1.00031989,1.00031989,1.00031989,1,chainlink,measured,13.398900000001213,1
2021-12-28 00:00:00+00:00,1.00012771,1.00012771,1.00012771,1.00012771,1,chainlink,measured,5.177099999998935,1
2021-12-29 00:00:00+00:00,1.00001566,1.00001566,1.00001566,1.00001566,1,chainlink,measured,3.456600000001364,1
2021-12-30 00:00:00+00:00,1.00004517,1.00004517,1.00004517,1.00004517,1,chainlink,measured,1.5516999999998227,1
2021-12-31 00:00:00+00:00,1.0,1.0,1.0,1.0,1,chainlink,measured,1.2999999999996348,1
2022-01-01 00:00:00+00:00,1.00016527,1.00016527,1.00016527,1.00016527,1,chainlink,measured,2.0527000000014617,1
2022-01-02 00:00:00+00:00,1.0,1.0,1.0,1.0,1,chainlink,measured,1.9999999999997797,1
2022-01-03 00:00:00+00:00,1.0,1.0,1.0,1.0,1,chainlink,measured,2.1999999999999797,1
2022-01-04 00:00:00+00:00,1.00001024,1.00001024,1.00001024,1.00001024,1,chainlink,measured,0.9976000000011531,1
2022-01-05 00:00:00+00:00,1.00003228,1.00003228,1.00003228,1.00003228,1,chainlink,measured,0.877199999997913,1
2022-01-06 00:00:00+00:00,1.00003654,1.00003654,1.00003654,1.00003654,1,chainlink,measured,0.36539999999973816,1
2022-01-07 00:00:00+00:00,1.00006757,1.00006757,1.00006757,1.00006757,1,chainlink,measured,0.6756999999990576,1
2022-01-08 00:00:00+00:00,1.00012584,1.00012584,1.00012584,1.00012584,1,chainlink,measured,0.25839999999943686,1
2022-01-09 00:00:00+00:00,1.00008796,1.00008796,1.00008796,1.00008796,1,chainlink,measured,0.37960000000003546,1
2022-01-10 00:00:00+00:00,1.00007784,1.00007784,1.00007784,1.00007784,1,chainlink,measured,2.778400000000847,1
2022-01-11 00:00:00+00:00,1.00006533,1.00006533,1.00001241,1.00001241,2,chainlink,measured,0.4241000000004824,1
2022-01-12 00:00:00+00:00,1.0,1.0,1.0,1.0,1,chainlink,measured,0.2999999999997449,1
2022-01-13 00:00:00+00:00,1.0,1.0,1.0,1.0,1,chainlink,measured,2.7999999999994696,1
2022-01-14 00:00:00+00:00,1.0,1.0,1.0,1.0,1,chainlink,measured,0.9999999999998899,1
2022-01-15 00:00:00+00:00,1.00002066,1.00002066,1.00002066,1.00002066,1,chainlink,measured,3.906599999998761,1
2022-01-16 00:00:00+00:00,1.00009712,1.00009712,1.00009712,1.00009712,1,chainlink,measured,4.7711999999999755,1
2022-01-17 00:00:00+00:00,1.00003665,1.00003665,1.00003665,1.00003665,1,chainlink,measured,1.3664999999996041,1
2022-01-18 00:00:00+00:00,1.00009141,1.00009141,1.00009141,1.00009141,1,chainlink,measured,1.7140999999998296,1
2022-01-19 00:00:00+00:00,1.00016965,1.00016965,1.00016965,1.00016965,1,chainlink,measured,0.3035000000006782,1
2022-01-20 00:00:00+00:00,1.0,1.0,1.0,1.0,1,chainlink,measured,5.199999999999649,1
2022-01-21 00:00:00+00:00,0.99999496,0.99999496,0.99999496,0.99999496,1,chainlink,measured,4.0503999999996765,1
2022-01-22 00:00:00+00:00,0.9999705,0.9999705,0.9999705,0.9999705,1,chainlink,measured,4.294999999999716,1
2022-01-23 00:00:00+00:00,1.0,1.0,1.0,1.0,1,chainlink,measured,0.0,1
2022-01-24 00:00:00+00:00,1.0,1.0,1.0,1.0,1,chainlink,measured,1.2999999999996348,1
2022-01-25 00:00:00+00:00,1.00015616,1.00015616,1.00015616,1.00015616,1,chainlink,measured,4.238400000000642,1
2022-01-26 00:00:00+00:00,0.99991718,0.99991718,0.99991718,0.99991718,1,chainlink,measured,6.828199999999729,1
2022-01-27 00:00:00+00:00,0.99989271,0.99989271,0.99989271,0.99989271,1,chainlink,measured,4.072899999999491,1
2022-01-28 00:00:00+00:00,1.0,1.0,1.0,1.0,1,chainlink,measured,3.8999999999989043,1
2022-01-29 00:00:00+00:00,1.00019046,1.00019046,1.00019046,1.00019046,1,chainlink,measured,1.104599999999234,1
2022-01-30 00:00:00+00:00,1.00016882,1.00016882,1.00016882,1.00016882,1,chainlink,measured,2.111799999999775,1
2022-01-31 00:00:00+00:00,1.00018309,1.00018309,1.00018309,1.00018309,1,chainlink,measured,2.269100000000801,1
2022-02-01 00:00:00+00:00,1.00005777,1.00005777,1.00005777,1.00005777,1,chainlink,measured,3.1223000000002443,1
2022-02-02 00:00:00+00:00,1.00011165,1.00011165,1.00011165,1.00011165,1,chainlink,measured,1.383500000000648,1
2022-02-03 00:00:00+00:00,1.0,1.0,1.0,1.0,1,chainlink,measured,3.1000000000003247,1
2022-02-04 00:00:00+00:00,1.0001189,1.0001189,1.0001189,1.0001189,1,chainlink,measured,0.8889999999994735,1
2022-02-05 00:00:00+00:00,1.00000414,1.00000414,1.00000414,1.00000414,1,chainlink,measured,2.0586000000011317,1
2022-02-06 00:00:00+00:00,1.00006894,1.00006894,1.00006894,1.00006894,1,chainlink,measured,0.08940000000068338,1
2022-02-07 00:00:00+00:00,1.00006137,1.00006137,1.00006137,1.00006137,1,chainlink,measured,3.386299999998954,1
2022-02-08 00:00:00+00:00,1.0,1.0,1.0,1.0,1,chainlink,measured,2.6999999999999247,1
2022-02-09 00:00:00+00:00,1.00017698,1.00017698,1.00017698,1.00017698,1,chainlink,measured,1.5698000000008427,1
2022-02-10 00:00:00+00:00,0.99977771,0.99977771,0.99977771,0.99977771,1,chainlink,measured,6.322899999999798,1
2022-02-11 00:00:00+00:00,1.0,1.0,1.0,1.0,1,chainlink,measured,0.7999999999996898,1
2022-02-12 00:00:00+00:00,1.0,1.0,1.0,1.0,1,chainlink,measured,3.9999999999995595,1
2022-02-13 00:00:00+00:00,1.00001931,1.00001931,1.00001931,1.00001931,1,chainlink,measured,2.4068999999982132,1
2022-02-14 00:00:00+00:00,1.0,1.0,1.0,1.0,1,chainlink,measured,1.2000000000000899,1
2022-02-15 00:00:00+00:00,0.99992776,0.99992776,0.99992776,0.99992776,1,chainlink,measured,1.377600000000978,1
2022-02-16 00:00:00+00:00,1.00007454,1.00007454,1.00007454,1.00007454,1,chainlink,measured,1.345399999999053,1
2022-02-17 00:00:00+00:00,1.0,1.0,1.0,1.0,1,chainlink,measured,0.0,1
2022-02-18 00:00:00+00:00,1.0,1.0,1.0,1.0,1,chainlink,measured,1.1999999999989797,1
2022-02-19 00:00:00+00:00,1.00006197,1.00006197,1.00006197,1.00006197,1,chainlink,measured,2.6802999999997468,1
2022-02-20 00:00:00+00:00,1.0,1.0,1.0,1.0,1,chainlink,measured,3.6000000000002697,1
2022-02-21 00:00:00+00:00,1.0,1.0,1.0,1.0,1,chainlink,measured,2.6999999999999247,1
2022-02-22 00:00:00+00:00,1.00010175,1.00010175,1.00010175,1.00010175,1,chainlink,measured,0.9824999999996642,1
2022-02-23 00:00:00+00:00,1.0,1.0,1.0,1.0,1,chainlink,measured,3.9999999999995595,1
2022-02-24 00:00:00+00:00,1.00012238,1.00012238,1.00012238,1.00012238,1,chainlink,measured,1.7238000000008302,1
2022-02-25 00:00:00+00:00,1.00005377,1.00005377,1.00005377,1.00005377,1,chainlink,measured,0.5377000000006404,1
2022-02-26 00:00:00+00:00,1.00000638,1.00000638,1.00000638,1.00000638,1,chainlink,measured,2.0361999999995994,1
2022-02-27 00:00:00+00:00,1.00025,1.00025,1.00025,1.00025,1,chainlink,measured,1.4999999999987246,1
2022-02-28 00:00:00+00:00,1.00031714,1.00031714,1.00031714,1.00031714,1,chainlink,measured,0.7713999999992005,1
2022-03-01 00:00:00+00:00,1.00009383,1.00009383,1.00009383,1.00009383,1,chainlink,measured,1.9382999999995043,1
2022-03-02 00:00:00+00:00,1.0,1.0,1.0,1.0,1,chainlink,measured,0.8000000000008001,1
2022-03-03 00:00:00+00:00,1.00002076,1.00002076,1.00002076,1.00002076,1,chainlink,measured,4.20759999999909,1
2022-03-04 00:00:00+00:00,0.99995,0.99995,0.99995,0.99995,1,chainlink,measured,0.6000000000006,1
2022-03-05 00:00:00+00:00,1.0,1.0,1.0,1.0,1,chainlink,measured,0.0,1
2022-03-06 00:00:00+00:00,1.0,1.0,1.0,1.0,1,chainlink,measured,6.900000000000794,1
2022-03-07 00:00:00+00:00,0.99999639,0.99999639,0.99999639,0.99999639,1,chainlink,measured,1.8361000000011174,1
2022-03-08 00:00:00+00:00,0.999818,0.999818,0.999818,0.999818,1,chainlink,measured,0.5800000000000249,1
2022-03-09 00:00:00+00:00,0.99992199,0.99992199,0.99992199,0.99992199,1,chainlink,measured,2.2199000000000524,1
2022-03-10 00:00:00+00:00,0.999943,0.999943,0.999943,0.999943,1,chainlink,measured,3.130000000000077,1
2022-03-11 00:00:00+00:00,0.9999988,0.9999988,0.9999988,0.9999988,1,chainlink,measured,2.9879999999993245,1
2022-03-12 00:00:00+00:00,1.00021508,1.00021508,1.00021508,1.00021508,1,chainlink,measured,17.5508000000002,1
2022-03-13 00:00:00+00:00,1.0000356,1.0000356,1.0000356,1.0000356,1,chainlink,measured,3.5439999999997696,1
2022-03-14 00:00:00+00:00,1.0,1.0,1.0,1.0,1,chainlink,measured,2.9999999999996696,1
2022-03-15 00:00:00+00:00,1.00006176,1.00006176,1.00006176,1.00006176,1,chainlink,measured,3.3824000000004517,1
2022-03-16 00:00:00+00:00,1.0,1.0,1.0,1.0,1,chainlink,measured,2.60000000000038,1
2022-03-17 00:00:00+00:00,0.99999716,0.99999716,0.99999716,0.99999716,1,chainlink,measured,2.971600000000185,1
2022-03-18 00:00:00+00:00,1.0,1.0,1.0,1.0,1,chainlink,measured,2.9999999999996696,1
2022-03-19 00:00:00+00:00,0.99999113,0.99999113,0.99999113,0.99999113,1,chainlink,measured,3.3886999999999112,1
2022-03-20 00:00:00+00:00,0.99982991,0.99982991,0.99982991,0.99982991,1,chainlink,measured,1.2990999999995534,1
2022-03-21 00:00:00+00:00,1.00003277,1.00003277,1.00003277,1.00003277,1,chainlink,measured,0.6276999999998978,1
2022-03-22 00:00:00+00:00,1.0,1.0,1.0,1.0,1,chainlink,measured,1.9999999999997797,1
2022-03-23 00:00:00+00:00,0.99979028,0.99979028,0.99979028,0.99979028,1,chainlink,measured,0.20279999999983644,1
2022-03-24 00:00:00+00:00,0.99999883,0.99999883,0.99999883,0.99999883,1,chainlink,measured,5.1882999999997015,1
2022-03-25 00:00:00+00:00,1.0,1.0,1.0,1.0,1,chainlink,measured,8.900000000000574,1
2022-03-26 00:00:00+00:00,0.99998188,0.99998188,0.99998188,0.99998188,1,chainlink,measured,2.818799999999566,1
2022-03-27 00:00:00+00:00,0.99996622,0.99996622,0.99996622,0.99996622,1,chainlink,measured,1.3377999999997225,1
2022-03-28 00:00:00+00:00,1.0,1.0,1.0,1.0,1,chainlink,measured,0.9999999999998899,1
2022-03-29 00:00:00+00:00,1.0,1.0,1.0,1.0,1,chainlink,measured,3.20000000000098,1
2022-03-30 00:00:00+00:00,0.99991727,0.99991727,0.99991727,0.99991727,1,chainlink,measured,2.1726999999993613,1
2022-03-31 00:00:00+00:00,0.99999039,0.99999039,0.99999039,0.99999039,1,chainlink,measured,1.7960999999999672,1
2022-04-01 00:00:00+00:00,1.00007514,1.00007514,1.00007514,1.00007514,1,chainlink,measured,0.4514000000011009,1
2022-04-02 00:00:00+00:00,1.00001948,1.00001948,1.00001948,1.00001948,1,chainlink,measured,0.10520000000013852,1
2022-04-03 00:00:00+00:00,1.00000298,1.00000298,1.00000298,1.00000298,1,chainlink,measured,2.9701999999987017,1
2022-04-04 00:00:00+00:00,1.00011273,1.00011273,1.00011273,1.00011273,1,chainlink,measured,4.927299999999413,1
2022-04-05 00:00:00+00:00,0.99994851,0.99994851,0.99994851,0.99994851,1,chainlink,measured,2.085099999999951,1
2022-04-06 00:00:00+00:00,1.00001047,1.00001047,1.00001047,1.00001047,1,chainlink,measured,1.7047000000014467,1
2022-04-07 00:00:00+00:00,1.00005184,1.00005184,1.00005184,1.00005184,1,chainlink,measured,3.3183999999997216,1
2022-04-08 00:00:00+00:00,1.0,1.0,1.0,1.0,1,chainlink,measured,3.9999999999995595,1
2022-04-09 00:00:00+00:00,0.99996884,0.99996884,0.99996884,0.99996884,1,chainlink,measured,2.688399999999369,1
2022-04-10 00:00:00+00:00,0.99992768,0.99992768,0.99992768,0.99992768,1,chainlink,measured,0.5767999999994888,1
2022-04-11 00:00:00+00:00,0.99983955,0.99983955,0.99983955,0.99983955,1,chainlink,measured,4.795499999999953,1
2022-04-12 00:00:00+00:00,1.0,1.0,1.0,1.0,1,chainlink,measured,0.40000000000040004,1
2022-04-13 00:00:00+00:00,1.0,1.0,1.0,1.0,1,chainlink,measured,0.0999999999995449,1
2022-04-14 00:00:00+00:00,1.00003978,1.00003978,1.00003978,1.00003978,1,chainlink,measured,1.8978000000002826,1
2022-04-15 00:00:00+00:00,0.99998176,0.99998176,0.99998176,0.99998176,1,chainlink,measured,2.1823999999992516,1
2022-04-16 00:00:00+00:00,1.00003104,1.00003104,1.00003104,1.00003104,1,chainlink,measured,1.2895999999984475,1
2022-04-17 00:00:00+00:00,0.99992258,0.99992258,0.99992258,0.99992258,1,chainlink,measured,19.22580000000007,1
2022-04-18 00:00:00+00:00,0.99984797,0.99984797,0.99984797,0.99984797,1,chainlink,measured,1.520299999999697,1
2022-04-19 00:00:00+00:00,0.9998,0.9998,0.9998,0.9998,1,chainlink,measured,1.9999999999997797,1
2022-04-20 00:00:00+00:00,0.99980738,0.99980738,0.99980738,0.99980738,1,chainlink,measured,0.5737999999999577,1
2022-04-21 00:00:00+00:00,0.99994644,0.99994644,0.99994644,0.99994644,1,chainlink,measured,1.4643999999996993,1
2022-04-22 00:00:00+00:00,1.0,1.0,1.0,1.0,1,chainlink,measured,2.9999999999996696,1
2022-04-23 00:00:00+00:00,1.00001683,1.00001683,1.00001683,1.00001683,1,chainlink,measured,5.768300000000837,1
2022-04-24 00:00:00+00:00,1.00012996,1.00012996,1.00012996,1.00012996,1,chainlink,measured,0.5004000000008446,1
2022-04-25 00:00:00+00:00,1.00004304,1.00004304,1.00004304,1.00004304,1,chainlink,measured,4.430399999999501,1
2022-04-26 00:00:00+00:00,1.0,1.0,1.0,1.0,1,chainlink,measured,3.6999999999998145,1
2022-04-27 00:00:00+00:00,1.0,1.0,1.0,1.0,1,chainlink,measured,2.100000000000435,1
2022-04-28 00:00:00+00:00,0.99991803,0.99991803,0.99991803,0.99991803,1,chainlink,measured,1.180299999999912,1
2022-04-29 00:00:00+00:00,1.00000114,1.00000114,1.00000114,1.00000114,1,chainlink,measured,0.5113999999994956,1
2022-04-30 00:00:00+00:00,1.00007125,1.00007125,1.00007125,1.00007125,1,chainlink,measured,0.28750000000021814,1
2022-05-01 00:00:00+00:00,1.00010033,1.00010033,1.00010033,1.00010033,1,chainlink,measured,0.09670000000072676,1
2022-05-02 00:00:00+00:00,1.0,1.0,1.0,1.0,1,chainlink,measured,0.40000000000040004,1
2022-05-03 00:00:00+00:00,1.00000197,1.00000197,1.00000197,1.00000197,1,chainlink,measured,3.6197000000004476,1
2022-05-04 00:00:00+00:00,1.0,1.0,1.0,1.0,1,chainlink,measured,1.9999999999997797,1
2022-05-05 00:00:00+00:00,1.00004656,1.00004656,1.00004656,1.00004656,1,chainlink,measured,3.9655999999987923,1
2022-05-06 00:00:00+00:00,1.00023426,1.00023426,1.00023426,1.00023426,1,chainlink,measured,5.742600000000486,1
2022-05-07 00:00:00+00:00,1.00005946,1.00005946,1.00005946,1.00005946,1,chainlink,measured,1.3945999999986913,1
2022-05-08 00:00:00+00:00,1.00009863,1.00009863,1.00009863,1.00009863,1,chainlink,measured,4.586300000001264,1
2022-05-09 00:00:00+00:00,1.00015576,1.00015576,1.00015576,1.00015576,1,chainlink,measured,1.1575999999990927,1
2022-05-10 00:00:00+00:00,1.00022912,1.00022912,1.00022912,1.00022912,1,chainlink,measured,1.508800000000754,1
2022-05-11 00:00:00+00:00,1.00317904,1.00895921,1.00021142,1.002,14,chainlink,measured,6.999999999999229,1
2022-05-12 00:00:00+00:00,1.0055406,1.02901471,1.00112912,1.00112912,54,chainlink,measured,24.79120000000057,1
2022-05-13 00:00:00+00:00,1.0006128,1.0006128,1.0006128,1.0006128,1,chainlink,measured,7.2280000000013445,1
2022-05-14 00:00:00+00:00,1.00390891,1.00390891,1.0012876,1.0012876,2,chainlink,measured,13.975999999999988,1
2022-05-15 00:00:00+00:00,1.00022927,1.00022927,1.00022927,1.00022927,1,chainlink,measured,3.492699999999571,1
2022-05-16 00:00:00+00:00,1.00027657,1.00027657,1.00027657,1.00027657,1,chainlink,measured,6.46570000000013,1
2022-05-17 00:00:00+00:00,1.0001988,1.0001988,1.0001988,1.0001988,1,chainlink,measured,3.1879999999995245,1
2022-05-18 00:00:00+00:00,1.00044593,1.00044593,1.00044593,1.00044593,1,chainlink,measured,4.759299999999023,1
2022-05-19 00:00:00+00:00,1.0004265,1.0004265,1.0004265,1.0004265,1,chainlink,measured,2.5650000000010387,1
2022-05-20 00:00:00+00:00,1.0005012,1.0005012,1.0005012,1.0005012,1,chainlink,measured,5.511999999999739,1
2022-05-21 00:00:00+00:00,1.00009383,1.00009383,1.00009383,1.00009383,1,chainlink,measured,4.738300000000084,1
2022-05-22 00:00:00+00:00,1.00043695,1.00043695,1.00043695,1.00043695,1,chainlink,measured,6.969500000001405,1
2022-05-23 00:00:00+00:00,1.0003171,1.0003171,1.0003171,1.0003171,1,chainlink,measured,7.17099999999915,1
2022-05-24 00:00:00+00:00,1.00015237,1.00015237,1.00015237,1.00015237,1,chainlink,measured,4.123699999999397,1
2022-05-25 00:00:00+00:00,1.00012672,1.00012672,1.00012672,1.00012672,1,chainlink,measured,1.6671999999995357,1
2022-05-26 00:00:00+00:00,1.00007517,1.00007517,1.00007517,1.00007517,1,chainlink,measured,5.648300000000717,1
2022-05-27 00:00:00+00:00,1.00031002,1.00031002,1.00031002,1.00031002,1,chainlink,measured,6.800199999998924,1
2022-05-28 00:00:00+00:00,1.00013216,1.00013216,1.00013216,1.00013216,1,chainlink,measured,0.5215999999985677,1
2022-05-29 00:00:00+00:00,1.00014066,1.00014066,1.00014066,1.00014066,1,chainlink,measured,2.593399999999413,1
2022-05-30 00:00:00+00:00,1.0003994,1.0003994,1.0003994,1.0003994,1,chainlink,measured,2.3940000000011175,1
2022-05-31 00:00:00+00:00,1.00035516,1.00035516,1.00035516,1.00035516,1,chainlink,measured,7.451600000000225,1
2022-06-01 00:00:00+00:00,1.00023883,1.00023883,1.00023883,1.00023883,1,chainlink,measured,3.6882999999998667,1
2022-06-02 00:00:00+00:00,1.00068168,1.00068168,1.00068168,1.00068168,1,chainlink,measured,10.316799999999793,1
2022-06-03 00:00:00+00:00,1.0002993,1.0002993,1.0002993,1.0002993,1,chainlink,measured,6.192999999999893,1
2022-06-04 00:00:00+00:00,1.00021656,1.00021656,1.00021656,1.00021656,1,chainlink,measured,8.265599999999207,1
2022-06-05 00:00:00+00:00,1.00053241,1.00053241,1.00053241,1.00053241,1,chainlink,measured,8.324099999998946,1
2022-06-06 00:00:00+00:00,1.0003994,1.0003994,1.0003994,1.0003994,1,chainlink,measured,6.294000000000022,1
2022-06-07 00:00:00+00:00,1.0003278,1.0003278,1.0003278,1.0003278,1,chainlink,measured,4.077999999999582,1
2022-06-08 00:00:00+00:00,1.00059837,1.00059837,1.00059837,1.00059837,1,chainlink,measured,4.083700000001578,1
2022-06-09 00:00:00+00:00,1.00095606,1.00095606,1.00095606,1.00095606,1,chainlink,measured,10.460600000000708,1
2022-06-10 00:00:00+00:00,1.0005,1.0005,1.0005,1.0005,1,chainlink,measured,8.299999999999974,1
2022-06-11 00:00:00+00:00,1.00042396,1.00042396,1.00042396,1.00042396,1,chainlink,measured,5.539599999999645,1
2022-06-12 00:00:00+00:00,1.00071648,1.00071648,1.00071648,1.00071648,1,chainlink,measured,8.464799999998718,1
2022-06-13 00:00:00+00:00,1.000352,1.000352,1.000352,1.000352,1,chainlink,measured,6.019999999998804,1
2022-06-14 00:00:00+00:00,1.00038787,1.00038787,1.00038787,1.00038787,1,chainlink,measured,5.778699999999803,1
2022-06-15 00:00:00+00:00,1.000512,1.000512,1.000512,1.000512,1,chainlink,measured,7.120000000000459,1
2022-06-16 00:00:00+00:00,1.0009935,1.0009935,1.0009935,1.0009935,1,chainlink,measured,11.63500000000095,1
2022-06-17 00:00:00+00:00,1.00042012,1.00042012,1.00042012,1.00042012,1,chainlink,measured,4.301199999999783,1
2022-06-18 00:00:00+00:00,1.00025912,1.00025912,1.00025912,1.00025912,1,chainlink,measured,1.508800000000754,1
2022-06-19 00:00:00+00:00,1.0005972,1.0005972,1.0005972,1.0005972,1,chainlink,measured,9.372000000000824,1
2022-06-20 00:00:00+00:00,1.00005906,1.00005906,1.00005906,1.00005906,1,chainlink,measured,3.6906000000014316,1
2022-06-21 00:00:00+00:00,1.00014814,1.00014814,1.00014814,1.00014814,1,chainlink,measured,6.481400000000193,1
2022-06-22 00:00:00+00:00,1.00076398,1.00076398,1.00076398,1.00076398,1,chainlink,measured,12.639800000000534,1
2022-06-23 00:00:00+00:00,1.000011,1.000011,1.000011,1.000011,1,chainlink,measured,2.809999999999757,1
2022-06-24 00:00:00+00:00,0.99999274,0.99999274,0.99999274,0.99999274,1,chainlink,measured,4.872599999999894,1
2022-06-25 00:00:00+00:00,1.0002993,1.0002993,1.0002993,1.0002993,1,chainlink,measured,7.992999999999473,1
2022-06-26 00:00:00+00:00,1.00019895,1.00019895,1.00019895,1.00019895,1,chainlink,measured,3.98949999999898,1
2022-06-27 00:00:00+00:00,1.00024458,1.00024458,1.00024458,1.00024458,1,chainlink,measured,2.0457999999989873,1
2022-06-28 00:00:00+00:00,1.00036763,1.00036763,1.00036763,1.00036763,1,chainlink,measured,2.1762999999985766,1
2022-06-29 00:00:00+00:00,1.00014503,1.00014503,1.00014503,1.00014503,1,chainlink,measured,5.950300000000519,1
2022-06-30 00:00:00+00:00,1.00097403,1.00097403,1.00097403,1.00097403,1,chainlink,measured,5.9403000000002315,1
2022-07-01 00:00:00+00:00,1.00070325,1.00070325,1.00070325,1.00070325,1,chainlink,measured,9.8324999999988,1
2022-07-02 00:00:00+00:00,1.00045639,1.00045639,1.00045639,1.00045639,1,chainlink,measured,8.163900000001112,1
2022-07-03 00:00:00+00:00,1.00018833,1.00018833,1.00018833,1.00018833,1,chainlink,measured,3.383300000000533,1
2022-07-04 00:00:00+00:00,1.0,1.0,1.0,1.0,1,chainlink,measured,2.6999999999999247,1
2022-07-05 00:00:00+00:00,1.00053174,1.00053174,1.00053174,1.00053174,1,chainlink,measured,11.917399999999967,1
2022-07-06 00:00:00+00:00,1.00072564,1.00072564,1.00072564,1.00072564,1,chainlink,measured,2.856399999999759,1
2022-07-07 00:00:00+00:00,1.00028204,1.00028204,1.00028204,1.00028204,1,chainlink,measured,0.17959999999872522,1
2022-07-08 00:00:00+00:00,1.00016595,1.00016595,1.00016595,1.00016595,1,chainlink,measured,1.7594999999992478,1
2022-07-09 00:00:00+00:00,1.0,1.0,1.0,1.0,1,chainlink,measured,3.9999999999995595,1
2022-07-10 00:00:00+00:00,1.0,1.0,1.0,1.0,1,chainlink,measured,3.6999999999998145,1
2022-07-11 00:00:00+00:00,1.0003994,1.0003994,1.0003994,1.0003994,1,chainlink,measured,1.5940000000003174,1
2022-07-12 00:00:00+00:00,1.0006514,1.0006514,1.0006514,1.0006514,1,chainlink,measured,9.814000000000211,1
2022-07-13 00:00:00+00:00,0.99990002,0.99990002,0.99990002,0.99990002,1,chainlink,measured,0.9997999999999951,1
2022-07-14 00:00:00+00:00,1.00054049,1.00054049,1.00054049,1.00054049,1,chainlink,measured,7.404899999998715,1
2022-07-15 00:00:00+00:00,1.00002079,1.00002079,1.00002079,1.00002079,1,chainlink,measured,2.6079000000001074,1
2022-07-16 00:00:00+00:00,1.00002781,1.00002781,1.00002781,1.00002781,1,chainlink,measured,4.221900000001,1
2022-07-17 00:00:00+00:00,0.9998,0.99984849,0.9998,0.99984849,2,chainlink,measured,2.0151000000012687,1
2022-07-18 00:00:00+00:00,0.99977267,0.99977267,0.99977267,0.99977267,1,chainlink,measured,2.6733000000001006,1
2022-07-19 00:00:00+00:00,0.9999,0.9999,0.9999,0.9999,1,chainlink,measured,3.2999999999994145,1
2022-07-20 00:00:00+00:00,1.00024509,1.00024509,1.00024509,1.00024509,1,chainlink,measured,1.1508999999998437,1
2022-07-21 00:00:00+00:00,1.00024622,1.00024622,1.00024622,1.00024622,1,chainlink,measured,1.5622000000004022,1
2022-07-22 00:00:00+00:00,1.00009393,1.00009393,1.00009393,1.00009393,1,chainlink,measured,1.4393000000001432,1
2022-07-23 00:00:00+00:00,1.00008601,1.00008601,1.00008601,1.00008601,1,chainlink,measured,2.2399000000006275,1
2022-07-24 00:00:00+00:00,1.00009137,1.00009137,1.00009137,1.00009137,1,chainlink,measured,0.5863000000005947,1
2022-07-25 00:00:00+00:00,1.0,1.0,1.0,1.0,1,chainlink,measured,0.2999999999997449,1
2022-07-26 00:00:00+00:00,1.00037178,1.00037178,1.00037178,1.00037178,1,chainlink,measured,0.5177999999994576,1
2022-07-27 00:00:00+00:00,1.00001973,1.00001973,1.00001973,1.00001973,1,chainlink,measured,4.202700000000004,1
2022-07-28 00:00:00+00:00,1.0000481,1.0000481,1.0000481,1.0000481,1,chainlink,measured,4.518999999998385,1
2022-07-29 00:00:00+00:00,1.00000638,1.00000638,1.00000638,1.00000638,1,chainlink,measured,1.5361999999985443,1
2022-07-30 00:00:00+00:00,1.0,1.0,1.0,1.0,1,chainlink,measured,0.0999999999995449,1
2022-07-31 00:00:00+00:00,1.00002092,1.00002092,1.00002092,1.00002092,1,chainlink,measured,2.6092000000010884,1
2022-08-01 00:00:00+00:00,0.99989049,0.99989049,0.99989049,0.99989049,1,chainlink,measured,1.904899999999321,1
2022-08-02 00:00:00+00:00,1.00008715,1.00008715,1.00008715,1.00008715,1,chainlink,measured,3.6714999999987175,1
2022-08-03 00:00:00+00:00,1.0035997,1.0035997,1.00061002,1.00061002,2,chainlink,measured,5.9002000000019095,1
2022-08-04 00:00:00+00:00,1.0000294,1.0000294,1.0000294,1.0000294,1,chainlink,measured,2.4940000000006624,1
2022-08-05 00:00:00+00:00,1.00021391,1.00021391,1.00021391,1.00021391,1,chainlink,measured,3.2391000000009385,1
2022-08-06 00:00:00+00:00,1.00001572,1.00001572,1.00001572,1.00001572,1,chainlink,measured,2.457199999998938,1
2022-08-07 00:00:00+00:00,1.00004386,1.00004386,1.00004386,1.00004386,1,chainlink,measured,0.4385999999989565,1
2022-08-08 00:00:00+00:00,0.99994135,0.99994135,0.99994135,0.99994135,1,chainlink,measured,3.41349999999907,1
2022-08-09 00:00:00+00:00,0.99995,0.99995,0.99995,0.99995,1,chainlink,measured,1.300000000000745,1
2022-08-10 00:00:00+00:00,0.9999,0.9999,0.9999,0.9999,1,chainlink,measured,0.700000000000145,1
2022-08-11 00:00:00+00:00,0.99996961,0.99996961,0.99996961,0.99996961,1,chainlink,measured,0.7961000000000773,1
2022-08-12 00:00:00+00:00,1.00000017,1.00000017,1.00000017,1.00000017,1,chainlink,measured,0.6982999999993744,1
2022-08-13 00:00:00+00:00,1.00008784,1.00008784,1.0,1.0,2,chainlink,measured,1.40000000000029,1
2022-08-14 00:00:00+00:00,0.99985387,0.99985387,0.99985387,0.99985387,1,chainlink,measured,2.0612999999991555,1
2022-08-15 00:00:00+00:00,0.99989424,0.99989424,0.99989424,0.99989424,1,chainlink,measured,0.7424000000000319,1
2022-08-16 00:00:00+00:00,1.00017933,1.00017933,1.00017933,1.00017933,1,chainlink,measured,5.59329999999969,1
2022-08-17 00:00:00+00:00,1.00007204,1.00007204,1.00007204,1.00007204,1,chainlink,measured,0.22039999999945437,1
2022-08-18 00:00:00+00:00,1.0,1.0,1.0,1.0,1,chainlink,measured,0.900000000000345,1
2022-08-19 00:00:00+00:00,1.00002388,1.00002388,1.00002388,1.00002388,1,chainlink,measured,0.5388000000006166,1
2022-08-20 00:00:00+00:00,1.00000554,1.00000554,1.00000554,1.00000554,1,chainlink,measured,6.35540000000101,1
2022-08-21 00:00:00+00:00,0.99990785,0.99990785,0.99990785,0.99990785,1,chainlink,measured,5.378500000000619,1
2022-08-22 00:00:00+00:00,1.00005754,1.00005754,1.00005754,1.00005754,1,chainlink,measured,3.2754000000001504,1
2022-08-23 00:00:00+00:00,1.0,1.0,1.0,1.0,1,chainlink,measured,1.7000000000000348,1
2022-08-24 00:00:00+00:00,1.0001297,1.0001297,1.0001297,1.0001297,1,chainlink,measured,4.496999999999973,1
2022-08-25 00:00:00+00:00,0.99998353,0.99998353,0.99998353,0.99998353,1,chainlink,measured,1.135299999999173,1
2022-08-26 00:00:00+00:00,0.99995875,0.99995875,0.99995875,0.99995875,1,chainlink,measured,1.2125000000007269,1
2022-08-27 00:00:00+00:00,1.00009199,1.00009199,1.00009199,1.00009199,1,chainlink,measured,1.6199000000005626,1
2022-08-28 00:00:00+00:00,1.00002417,1.00002417,1.00002417,1.00002417,1,chainlink,measured,1.5417000000006453,1
2022-08-29 00:00:00+00:00,0.99999196,0.99999196,0.99999196,0.99999196,1,chainlink,measured,1.5196000000006205,1
2022-08-30 00:00:00+00:00,1.00004778,1.00004778,1.00004778,1.00004778,1,chainlink,measured,5.277800000000887,1
2022-08-31 00:00:00+00:00,1.00000343,1.00000343,1.00000343,1.00000343,1,chainlink,measured,4.134300000000479,1
2022-09-01 00:00:00+00:00,1.0,1.0,1.0,1.0,1,chainlink,measured,3.4999999999996145,1
2022-09-02 00:00:00+00:00,1.0,1.0,1.0,1.0,1,chainlink,measured,7.200000000000539,1
2022-09-03 00:00:00+00:00,1.0,1.0,1.0,1.0,1,chainlink,measured,0.2999999999997449,1
2022-09-04 00:00:00+00:00,1.0003673,1.0003673,1.0003673,1.0003673,1,chainlink,measured,3.6729999999995933,1
2022-09-05 00:00:00+00:00,0.99991202,0.99991202,0.99991202,0.99991202,1,chainlink,measured,0.3797999999999302,1
2022-09-06 00:00:00+00:00,0.99997297,0.99997297,0.99997297,0.99997297,1,chainlink,measured,0.2703000000003897,1
2022-09-07 00:00:00+00:00,0.999997,0.999997,0.999997,0.999997,1,chainlink,measured,2.929999999998767,1
2022-09-08 00:00:00+00:00,1.0,1.0,1.0,1.0,1,chainlink,measured,0.0,1
2022-09-09 00:00:00+00:00,1.00004919,1.00004919,1.00004919,1.00004919,1,chainlink,measured,0.09189999999881238,1
2022-09-10 00:00:00+00:00,0.99998093,0.99998093,0.99998093,0.99998093,1,chainlink,measured,0.5907000000004992,1
2022-09-11 00:00:00+00:00,1.00000713,1.00000713,1.00000713,1.00000713,1,chainlink,measured,0.1712999999992082,1
2022-09-12 00:00:00+00:00,0.999908,0.999908,0.999908,0.999908,1,chainlink,measured,0.4199999999998649,1
2022-09-13 00:00:00+00:00,0.99995318,0.99995318,0.99995318,0.99995318,1,chainlink,measured,0.8682000000004297,1
2022-09-14 00:00:00+00:00,1.0,1.0,1.0,1.0,1,chainlink,measured,1.2000000000000899,1
2022-09-15 00:00:00+00:00,1.00001435,1.00001435,1.00001435,1.00001435,1,chainlink,measured,5.1434999999999675,1
2022-09-16 00:00:00+00:00,1.00006659,1.00006659,1.00006659,1.00006659,1,chainlink,measured,1.3340999999988945,1
2022-09-17 00:00:00+00:00,1.00008611,1.00008611,1.00008611,1.00008611,1,chainlink,measured,1.161100000000026,1
2022-09-18 00:00:00+00:00,1.00003707,1.00003707,1.00003707,1.00003707,1,chainlink,measured,0.029299999999565784,1
2022-09-19 00:00:00+00:00,0.99998943,0.99998943,0.99998943,0.99998943,1,chainlink,measured,1.2057000000009754,1
2022-09-20 00:00:00+00:00,0.99994922,0.99994922,0.99994922,0.99994922,1,chainlink,measured,0.70779999999937,1
2022-09-21 00:00:00+00:00,1.00009493,1.00009493,1.00009493,1.00009493,1,chainlink,measured,0.7493000000002858,1
2022-09-22 00:00:00+00:00,1.00007509,1.00007509,1.00007509,1.00007509,1,chainlink,measured,1.0508999999991886,1
2022-09-23 00:00:00+00:00,1.00003386,1.00003386,1.00003386,1.00003386,1,chainlink,measured,0.6386000000002667,1
2022-09-24 00:00:00+00:00,0.99996398,0.99996398,0.99996398,0.99996398,1,chainlink,measured,0.16020000000005474,1
2022-09-25 00:00:00+00:00,0.99998541,0.99998541,0.99998541,0.99998541,1,chainlink,measured,0.345899999999455,1
2022-09-26 00:00:00+00:00,1.00025963,1.00025963,1.00025963,1.00025963,1,chainlink,measured,2.8962999999992967,1
2022-09-27 00:00:00+00:00,1.00003953,1.00003953,1.00003953,1.00003953,1,chainlink,measured,0.39530000000009835,1
2022-09-28 00:00:00+00:00,1.00009021,1.00009021,1.00009021,1.00009021,1,chainlink,measured,0.9020999999997947,1
2022-09-29 00:00:00+00:00,1.00009009,1.00009009,1.00009009,1.00009009,1,chainlink,measured,1.0008999999999713,1
2022-09-30 00:00:00+00:00,0.99999405,0.99999405,0.99999405,0.99999405,1,chainlink,measured,0.6404999999998218,1
2022-10-01 00:00:00+00:00,1.0,1.0,1.0,1.0,1,chainlink,measured,0.2999999999997449,1
2022-10-02 00:00:00+00:00,1.00004024,1.00004024,1.00004024,1.00004024,1,chainlink,measured,0.4023999999991368,1
2022-10-03 00:00:00+00:00,1.00002173,1.00002173,1.00002173,1.00002173,1,chainlink,measured,0.11729999999987584,1
2022-10-04 00:00:00+00:00,0.99991649,0.99991649,0.99991649,0.99991649,1,chainlink,measured,0.5350999999997885,1
2022-10-05 00:00:00+00:00,0.99996904,0.99996904,0.99996904,0.99996904,1,chainlink,measured,1.6903999999995367,1
2022-10-06 00:00:00+00:00,1.0,1.0,1.0,1.0,1,chainlink,measured,0.700000000000145,1
2022-10-07 00:00:00+00:00,0.9999,0.9999,0.9999,0.9999,1,chainlink,measured,0.2999999999997449,1
2022-10-08 00:00:00+00:00,1.00004588,1.00004588,1.00004588,1.00004588,1,chainlink,measured,0.9588000000004815,1
2022-10-09 00:00:00+00:00,1.00002082,1.00002082,1.00002082,1.00002082,1,chainlink,measured,0.7082000000002697,1
2022-10-10 00:00:00+00:00,1.00003506,1.00003506,1.00003506,1.00003506,1,chainlink,measured,0.05060000000112197,1
2022-10-11 00:00:00+00:00,0.99995579,0.99995579,0.99995579,0.99995579,1,chainlink,measured,0.8421000000002898,1
2022-10-12 00:00:00+00:00,1.0,1.0,1.0,1.0,1,chainlink,measured,0.2999999999997449,1
2022-10-13 00:00:00+00:00,1.0,1.0,1.0,1.0,1,chainlink,measured,0.5999999999994898,1
2022-10-14 00:00:00+00:00,0.99992851,0.99992851,0.99992851,0.99992851,1,chainlink,measured,0.31489999999911866,1
2022-10-15 00:00:00+00:00,0.99997402,0.99997402,0.99997402,0.99997402,1,chainlink,measured,0.04019999999993473,1
2022-10-16 00:00:00+00:00,0.9999962,0.9999962,0.9999962,0.9999962,1,chainlink,measured,0.2619999999997624,1
2022-10-17 00:00:00+00:00,1.00003868,1.00003868,1.00003868,1.00003868,1,chainlink,measured,0.8868000000006315,1
2022-10-18 00:00:00+00:00,0.99999203,0.99999203,0.99999203,0.99999203,1,chainlink,measured,0.720300000000007,1
2022-10-19 00:00:00+00:00,1.00004422,1.00004422,1.00004422,1.00004422,1,chainlink,measured,0.542199999998827,1
2022-10-20 00:00:00+00:00,1.0000042,1.0000042,1.0000042,1.0000042,1,chainlink,measured,0.5420000000000424,1
2022-10-21 00:00:00+00:00,1.00016963,1.00016963,1.00016963,1.00016963,1,chainlink,measured,0.996300000000172,1
2022-10-22 00:00:00+00:00,1.0,1.0,1.0,1.0,1,chainlink,measured,0.700000000000145,1
2022-10-23 00:00:00+00:00,0.9999061,0.9999061,0.9999061,0.9999061,1,chainlink,measured,1.138999999998891,1
2022-10-24 00:00:00+00:00,1.00000753,1.00000753,1.00000753,1.00000753,1,chainlink,measured,0.5752999999997233,1
2022-10-25 00:00:00+00:00,1.00001484,1.00001484,1.00001484,1.00001484,1,chainlink,measured,2.2516000000005754,1
2022-10-26 00:00:00+00:00,1.0,1.0,1.0,1.0,1,chainlink,measured,0.5000000000010552,1
2022-10-27 00:00:00+00:00,0.99991551,0.99991551,0.99991551,0.99991551,1,chainlink,measured,0.44489999999952623,1
2022-10-28 00:00:00+00:00,0.99994637,0.99994637,0.99994637,0.99994637,1,chainlink,measured,1.0363000000013223,1
2022-10-29 00:00:00+00:00,0.99996117,0.99996117,0.99996117,0.99996117,1,chainlink,measured,2.888300000001287,1
2022-10-30 00:00:00+00:00,0.99996831,0.99996831,0.99996831,0.99996831,1,chainlink,measured,1.0169000000004313,1
2022-10-31 00:00:00+00:00,1.0,1.0,1.0,1.0,1,chainlink,measured,0.700000000000145,1
2022-11-01 00:00:00+00:00,0.99994588,0.99994588,0.99994588,0.99994588,1,chainlink,measured,0.0412000000005186,1
2022-11-02 00:00:00+00:00,1.00002311,1.00002311,1.00002311,1.00002311,1,chainlink,measured,0.7311000000009837,1
2022-11-03 00:00:00+00:00,1.00000216,1.00000216,1.00000216,1.00000216,1,chainlink,measured,0.32159999999947786,1
2022-11-04 00:00:00+00:00,1.00000073,1.00000073,1.00000073,1.00000073,1,chainlink,measured,0.29269999999970153,1
2022-11-05 00:00:00+00:00,1.00009762,1.00009762,1.00009762,1.00009762,1,chainlink,measured,1.1762000000004047,1
2022-11-06 00:00:00+00:00,0.99998667,0.99998667,0.99998667,0.99998667,1,chainlink,measured,0.3332999999994257,1
2022-11-07 00:00:00+00:00,1.00008081,1.00008081,1.00008081,1.00008081,1,chainlink,measured,0.9080999999999673,1
2022-11-08 00:00:00+00:00,1.00008611,1.00008611,1.00008611,1.00008611,1,chainlink,measured,1.561100000000426,1
2022-11-09 00:00:00+00:00,0.99997469,1.0070657,0.99997469,1.00090629,33,chainlink,measured-disputed,27.06290000000111,1
2022-11-10 00:00:00+00:00,1.00362746,1.00863838,0.99983254,0.99983254,23,chainlink,measured,0.07459999999959166,1
2022-11-11 00:00:00+00:00,1.003581,1.003581,1.00102976,1.00102976,2,chainlink,measured,21.39760000000046,1
2022-11-12 00:00:00+00:00,1.00030312,1.00030312,1.00030312,1.00030312,1,chainlink,measured,4.768799999999018,1
2022-11-13 00:00:00+00:00,1.00041428,1.00041428,1.00041428,1.00041428,1,chainlink,measured,5.542800000000181,1
2022-11-14 00:00:00+00:00,1.0002875,1.0002875,1.0002875,1.0002875,1,chainlink,measured,2.575000000000216,1
2022-11-15 00:00:00+00:00,1.00029201,1.00029201,1.00029201,1.00029201,1,chainlink,measured,6.3200999999990515,1
2022-11-16 00:00:00+00:00,1.00008248,1.00008248,1.00008248,1.00008248,1,chainlink,measured,3.924800000001394,1
2022-11-17 00:00:00+00:00,0.99999896,0.99999896,0.99999896,0.99999896,1,chainlink,measured,0.010400000000077014,1
2022-11-18 00:00:00+00:00,1.0,1.0,1.0,1.0,1,chainlink,measured,6.900000000000794,1
2022-11-19 00:00:00+00:00,1.00008895,1.00008895,1.00008895,1.00008895,1,chainlink,measured,5.210499999999119,1
2022-11-20 00:00:00+00:00,1.00018009,1.00018009,1.00018009,1.00018009,1,chainlink,measured,9.60089999999969,1
2022-11-21 00:00:00+00:00,1.00026976,1.00026976,1.00026976,1.00026976,1,chainlink,measured,3.3975999999991124,1
2022-11-22 00:00:00+00:00,0.99996018,0.99996018,0.99996018,0.99996018,1,chainlink,measured,9.601799999999772,1
2022-11-23 00:00:00+00:00,0.99987218,0.99987218,0.99987218,0.99987218,1,chainlink,measured-disputed,25.72180000000035,1
2022-11-24 00:00:00+00:00,1.00001927,1.00001927,1.00001927,1.00001927,1,chainlink,measured,24.89269999999877,1
2022-11-25 00:00:00+00:00,1.00016916,1.00016916,1.00016916,1.00016916,1,chainlink,measured,1.6916000000000153,1
2022-11-26 00:00:00+00:00,0.99992583,0.99992583,0.99992583,0.99992583,1,chainlink,measured,0.6583000000004446,1
2022-11-27 00:00:00+00:00,1.00015294,1.00015294,1.00015294,1.00015294,1,chainlink,measured,1.929400000000303,1
2022-11-28 00:00:00+00:00,1.00008682,1.00008682,1.00008682,1.00008682,1,chainlink,measured,7.568199999998804,1
2022-11-29 00:00:00+00:00,1.00010096,1.00010096,1.00010096,1.00010096,1,chainlink,measured,1.2095999999994778,1
2022-11-30 00:00:00+00:00,1.00000893,1.00000893,1.00000893,1.00000893,1,chainlink,measured,0.010700000001584442,1
2022-12-01 00:00:00+00:00,0.99998305,0.99998305,0.99998305,0.99998305,1,chainlink,measured,7.8305000000000735,1
2022-12-02 00:00:00+00:00,1.0,1.0,1.0,1.0,1,chainlink,measured,2.4000000000001798,1
2022-12-03 00:00:00+00:00,1.00007566,1.00007566,1.00007566,1.00007566,1,chainlink,measured,2.856600000000764,1
2022-12-04 00:00:00+00:00,1.00000078,1.00000078,1.00000078,1.00000078,1,chainlink,measured,15.107799999999338,1
2022-12-05 00:00:00+00:00,1.0,1.0,1.0,1.0,1,chainlink,measured,2.100000000000435,1
2022-12-06 00:00:00+00:00,0.99996915,0.99996915,0.99996915,0.99996915,1,chainlink,measured,3.9915000000001477,1
2022-12-07 00:00:00+00:00,0.99998201,0.99998201,0.99998201,0.99998201,1,chainlink,measured,2.3799000000013226,1
2022-12-08 00:00:00+00:00,1.00002626,1.00002626,1.00002626,1.00002626,1,chainlink,measured,1.3626000000011018,1
2022-12-09 00:00:00+00:00,0.99992538,0.99992538,0.99992538,0.99992538,1,chainlink,measured,3.446200000000177,1
2022-12-10 00:00:00+00:00,1.00000947,1.00000947,1.00000947,1.00000947,1,chainlink,measured,2.0946999999993388,1
2022-12-11 00:00:00+00:00,1.00005607,1.00005607,1.00005607,1.00005607,1,chainlink,measured,2.8607000000002714,1
2022-12-12 00:00:00+00:00,1.00000312,1.00000312,1.00000312,1.00000312,1,chainlink,measured,2.1311999999995557,1
2022-12-13 00:00:00+00:00,1.0,1.0,1.0,1.0,1,chainlink,measured,2.6999999999999247,1
2022-12-14 00:00:00+00:00,1.00003239,1.00003239,1.00003239,1.00003239,1,chainlink,measured,9.576099999999421,1
2022-12-15 00:00:00+00:00,1.00003671,1.00003671,1.00003671,1.00003671,1,chainlink,measured,0.5328999999987261,1
2022-12-16 00:00:00+00:00,0.99994853,0.99994853,0.99994853,0.99994853,1,chainlink,measured,6.314700000000784,1
2022-12-17 00:00:00+00:00,1.00010524,1.00010524,1.00010524,1.00010524,1,chainlink,measured,5.752399999998659,1
2022-12-18 00:00:00+00:00,1.00003606,1.00003606,1.00003606,1.00003606,1,chainlink,measured,0.4605999999995891,1
2022-12-19 00:00:00+00:00,0.9999429,0.9999429,0.9999429,0.9999429,1,chainlink,measured,0.47100000000077635,1
2022-12-20 00:00:00+00:00,0.99999423,0.99999423,0.99999423,0.99999423,1,chainlink,measured,3.85770000000063,1
2022-12-21 00:00:00+00:00,1.00000479,1.00000479,1.00000479,1.00000479,1,chainlink,measured,0.8520999999994672,1
2022-12-22 00:00:00+00:00,1.00003301,1.00003301,1.00003301,1.00003301,1,chainlink,measured,0.26989999999837977,1
2022-12-23 00:00:00+00:00,1.00021706,1.00021706,1.00021706,1.00021706,1,chainlink,measured,2.1705999999999115,1
2022-12-24 00:00:00+00:00,1.00006642,1.00006642,1.00006642,1.00006642,1,chainlink,measured,1.5642000000004597,1
2022-12-25 00:00:00+00:00,1.000383,1.000383,1.000383,1.000383,1,chainlink,measured,4.830000000000112,1
2022-12-26 00:00:00+00:00,1.00010551,1.00010551,1.00010551,1.00010551,1,chainlink,measured,0.0551000000004187,1
2022-12-27 00:00:00+00:00,1.00002289,1.00002289,1.00002289,1.00002289,1,chainlink,measured,5.728900000001591,1
2022-12-28 00:00:00+00:00,0.99993375,0.99993375,0.99993375,0.99993375,1,chainlink,measured,0.3374999999994355,1
2022-12-29 00:00:00+00:00,0.99993943,0.99993943,0.99993943,0.99993943,1,chainlink,measured,10.294299999999978,1
2022-12-30 00:00:00+00:00,1.00004217,1.00004217,1.00004217,1.00004217,1,chainlink,measured,0.37830000000127484,1
2022-12-31 00:00:00+00:00,1.00024048,1.00024048,1.00024048,1.00024048,1,chainlink,measured,2.4047999999998737,1
2023-01-01 00:00:00+00:00,1.00041658,1.00041658,1.00041658,1.00041658,1,chainlink,measured,3.1658000000001074,1
2023-01-02 00:00:00+00:00,1.00008502,1.00008502,1.00008502,1.00008502,1,chainlink,measured,0.750199999999257,1
2023-01-03 00:00:00+00:00,1.0,1.0,1.0,1.0,1,chainlink,measured,0.5000000000010552,1
2023-01-04 00:00:00+00:00,1.00009265,1.00009265,1.00009265,1.00009265,1,chainlink,measured,1.3265000000006744,1
2023-01-05 00:00:00+00:00,0.99994164,0.99994164,0.99994164,0.99994164,1,chainlink,measured,1.4835999999995853,1
2023-01-06 00:00:00+00:00,1.00012625,1.00012625,1.00012625,1.00012625,1,chainlink,measured,1.5625000000007994,1
2023-01-07 00:00:00+00:00,1.00014,1.00014,1.00014,1.00014,1,chainlink,measured,0.5000000000010552,1
2023-01-08 00:00:00+00:00,1.0,1.0,1.0,1.0,1,chainlink,measured,0.9999999999998899,1
2023-01-09 00:00:00+00:00,0.99997503,0.99997503,0.99997503,0.99997503,1,chainlink,measured,0.7502999999997595,1
2023-01-10 00:00:00+00:00,1.0,1.0,1.0,1.0,1,chainlink,measured,0.9999999999998899,1
2023-01-11 00:00:00+00:00,1.0,1.0,1.0,1.0,1,chainlink,measured,0.9999999999998899,1
2023-01-12 00:00:00+00:00,1.0,1.0,1.0,1.0,1,chainlink,measured,9.900000000000464,1
2023-01-13 00:00:00+00:00,0.99997,0.99997,0.99997,0.99997,1,chainlink,measured,5.1000000000001044,1
2023-01-14 00:00:00+00:00,0.99998,0.99998,0.99998,0.99998,1,chainlink,measured,1.7000000000000348,1
2023-01-15 00:00:00+00:00,1.0,1.0,1.0,1.0,1,chainlink,measured,2.2999999999995246,1
2023-01-16 00:00:00+00:00,0.99997,0.99997,0.99997,0.99997,1,chainlink,measured,18.000000000000238,1
2023-01-17 00:00:00+00:00,1.00003017,1.00003017,1.00003017,1.00003017,1,chainlink,measured,2.2017000000007503,1
2023-01-18 00:00:00+00:00,0.99995,0.99995,0.99995,0.99995,1,chainlink,measured,0.49999999999994493,1
2023-01-19 00:00:00+00:00,1.00000848,1.00000848,1.00000848,1.00000848,1,chainlink,measured-disputed,35.9152000000007,1
2023-01-20 00:00:00+00:00,1.000475,1.000475,1.000475,1.000475,1,chainlink,measured,4.550000000000942,1
2023-01-21 00:00:00+00:00,1.0,1.0,1.0,1.0,1,chainlink,measured,1.7999999999995797,1
2023-01-22 00:00:00+00:00,1.00003322,1.00003322,1.00003322,1.00003322,1,chainlink,measured,0.26780000000004023,1
2023-01-23 00:00:00+00:00,0.9999,0.9999,0.9999,0.9999,1,chainlink,measured,2.4000000000001798,1
2023-01-24 00:00:00+00:00,1.00038,1.00038,1.00038,1.00038,1,chainlink,measured,0.10000000000065512,1
2023-01-25 00:00:00+00:00,1.0,1.0,1.0,1.0,1,chainlink,measured,4.299999999999304,1
2023-01-26 00:00:00+00:00,1.0,1.0,1.0,1.0,1,chainlink,measured,3.6999999999998145,1
2023-01-27 00:00:00+00:00,0.99995424,0.99995424,0.99995424,0.99995424,1,chainlink,measured,6.857599999999797,1
2023-01-28 00:00:00+00:00,1.00003,1.00003,1.00003,1.00003,1,chainlink,measured,0.0,1
2023-01-29 00:00:00+00:00,1.00020182,1.00020182,1.00020182,1.00020182,1,chainlink,measured,4.281799999998892,1
2023-01-30 00:00:00+00:00,0.99994455,0.99994455,0.99994455,0.99994455,1,chainlink,measured,5.654499999999674,1
2023-01-31 00:00:00+00:00,1.0002872,1.0002872,1.0002872,1.0002872,1,chainlink,measured,2.7719999999997746,1
2023-02-01 00:00:00+00:00,1.0,1.0,1.0,1.0,1,chainlink,measured,5.800000000000249,1
2023-02-02 00:00:00+00:00,0.99999,0.99999,0.99999,0.99999,1,chainlink,measured,0.6000000000006,1
2023-02-03 00:00:00+00:00,1.0,1.0,1.0,1.0,1,chainlink,measured,1.60000000000049,1
2023-02-04 00:00:00+00:00,0.99998,0.99998,0.99998,0.99998,1,chainlink,measured,1.2999999999996348,1
2023-02-05 00:00:00+00:00,1.00003298,1.00003298,1.00003298,1.00003298,1,chainlink,measured,1.6298000000003476,1
2023-02-06 00:00:00+00:00,0.9999,0.9999,0.9999,0.9999,1,chainlink,measured,9.399999999999409,1
2023-02-07 00:00:00+00:00,1.0,1.0,1.0,1.0,1,chainlink,measured,2.100000000000435,1
2023-02-08 00:00:00+00:00,1.00018347,1.00018347,1.00018347,1.00018347,1,chainlink,measured,2.334700000000689,1
2023-02-09 00:00:00+00:00,1.0,1.0,1.0,1.0,1,chainlink,measured,1.5999999999993797,1
2023-02-10 00:00:00+00:00,1.0,1.0,1.0,1.0,1,chainlink,measured,11.600000000000499,1
2023-02-11 00:00:00+00:00,1.0,1.0,1.0,1.0,1,chainlink,measured,4.900000000001015,1
2023-02-12 00:00:00+00:00,1.0,1.0,1.0,1.0,1,chainlink,measured,4.500000000000615,1
2023-02-13 00:00:00+00:00,1.00020042,1.00020042,1.00020042,1.00020042,1,chainlink,measured,5.804200000001369,1
2023-02-14 00:00:00+00:00,0.99996156,0.99996156,0.99996156,0.99996156,1,chainlink,measured,0.11560000000021553,1
2023-02-15 00:00:00+00:00,0.99992048,0.99992048,0.99992048,0.99992048,1,chainlink,measured,6.004800000000143,1
2023-02-16 00:00:00+00:00,0.99998,0.99998,0.99998,0.99998,1,chainlink,measured,0.30000000000085514,1
2023-02-17 00:00:00+00:00,0.99998844,0.99998844,0.99998844,0.99998844,1,chainlink,measured,3.115599999999885,1
2023-02-18 00:00:00+00:00,0.99994231,0.99994231,0.99994231,0.99994231,1,chainlink,measured,12.076899999999835,1
2023-02-19 00:00:00+00:00,1.0,1.0,1.0,1.0,1,chainlink,measured,0.10000000000065512,1
2023-02-20 00:00:00+00:00,0.99994,0.99994,0.99994,0.99994,1,chainlink,measured,1.100000000000545,1
2023-02-21 00:00:00+00:00,0.99997236,0.99997236,0.99997236,0.99997236,1,chainlink,measured,4.323600000000205,1
2023-02-22 00:00:00+00:00,0.999895,0.999895,0.999895,0.999895,1,chainlink,measured,1.9499999999994522,1
2023-02-23 00:00:00+00:00,0.99999508,0.99999508,0.99999508,0.99999508,1,chainlink,measured,8.850799999999825,1
2023-02-24 00:00:00+00:00,0.99991,0.99991,0.99991,0.99991,1,chainlink,measured,5.399999999999849,1
2023-02-25 00:00:00+00:00,0.9999,0.9999,0.9999,0.9999,1,chainlink,measured,12.699999999999934,1
2023-02-26 00:00:00+00:00,0.99995298,0.99995298,0.99995298,0.99995298,1,chainlink,measured,0.4702000000000872,1
2023-02-27 00:00:00+00:00,0.99995322,0.99995322,0.99995322,0.99995322,1,chainlink,measured,10.832199999999403,1
2023-02-28 00:00:00+00:00,0.99986129,0.99986129,0.99986129,0.99986129,1,chainlink,measured,1.3870999999998634,1
2023-03-01 00:00:00+00:00,0.9999,0.9999,0.9999,0.9999,1,chainlink,measured,1.7000000000000348,1
2023-03-02 00:00:00+00:00,0.99993187,0.99993187,0.99993187,0.99993187,1,chainlink,measured,4.481300000001021,1
2023-03-03 00:00:00+00:00,0.99971826,0.99971826,0.99971826,0.99971826,1,chainlink,measured,2.717400000000758,1
2023-03-04 00:00:00+00:00,0.99999779,0.99999779,0.99999779,0.99999779,1,chainlink,measured,0.022100000000024878,1
2023-03-05 00:00:00+00:00,1.0,1.0,1.0,1.0,1,chainlink,measured,8.099999999999774,1
2023-03-06 00:00:00+00:00,0.99998374,0.99998374,0.99998374,0.99998374,1,chainlink,measured,0.9374000000006433,1
2023-03-07 00:00:00+00:00,0.99999517,0.99999517,0.99999517,0.99999517,1,chainlink,measured,1.051700000000988,1
2023-03-08 00:00:00+00:00,0.99996381,0.99996381,0.99996381,0.99996381,1,chainlink,measured,0.7381000000006299,1
2023-03-09 00:00:00+00:00,1.0,1.0,1.0,1.0,1,chainlink,measured,0.700000000000145,1
2023-03-10 00:00:00+00:00,1.00019,1.00019,0.99755917,0.99755917,2,chainlink,measured,1.7082999999995518,1
2023-03-11 00:00:00+00:00,0.99503491,0.99503491,0.88,0.96812,243,chainlink,measured,4.100000000000215,1
2023-03-12 00:00:00+00:00,0.9721,0.9934,0.94679,0.99082058,90,chainlink,measured,7.094200000000717,1
2023-03-13 00:00:00+00:00,0.99343639,0.99887418,0.98991589,0.99887418,14,chainlink,measured-disputed,33.44179999999919,1
2023-03-14 00:00:00+00:00,0.99852418,0.99852418,0.99852418,0.99852418,1,chainlink,measured,4.241799999999962,1
2023-03-15 00:00:00+00:00,0.9993,0.9993,0.9993,0.9993,1,chainlink,measured,3.00000000000078,1
2023-03-16 00:00:00+00:00,0.99990956,0.99990956,0.99990956,0.99990956,1,chainlink,measured,3.995599999999655,1
2023-03-17 00:00:00+00:00,0.99994,0.99994,0.99994,0.99994,1,chainlink,measured,0.20000000000020002,1
2023-03-18 00:00:00+00:00,0.9999,0.9999,0.9999,0.9999,1,chainlink,measured,3.9999999999995595,1
2023-03-19 00:00:00+00:00,0.9996,0.9996,0.9996,0.9996,1,chainlink,measured,0.10000000000065512,1
2023-03-20 00:00:00+00:00,0.9998,0.9998,0.9998,0.9998,1,chainlink,measured,1.40000000000029,1
2023-03-21 00:00:00+00:00,0.9968,0.9994,0.9968,0.9994,3,chainlink,measured,1.000000000001,1
2023-03-22 00:00:00+00:00,0.9986,0.9986,0.9986,0.9986,1,chainlink,measured,10.000000000000009,1
2023-03-23 00:00:00+00:00,0.9992,0.9992,0.9992,0.9992,1,chainlink,measured,4.899999999999904,1
2023-03-24 00:00:00+00:00,0.9995,0.9995,0.9995,0.9995,1,chainlink,measured,4.1999999999997595,1
2023-03-25 00:00:00+00:00,0.999835,0.999835,0.999835,0.999835,1,chainlink,measured,1.5500000000001624,1
2023-03-26 00:00:00+00:00,0.9998,0.9998,0.9998,0.9998,1,chainlink,measured,1.7000000000000348,1
2023-03-27 00:00:00+00:00,0.9993,0.9993,0.9993,0.9993,1,chainlink,measured,6.599999999999939,1
2023-03-28 00:00:00+00:00,0.9998,0.9998,0.9998,0.9998,1,chainlink,measured,0.49999999999994493,1
2023-03-29 00:00:00+00:00,0.999939,0.999939,0.999939,0.999939,1,chainlink,measured,0.010000000000287557,1
2023-03-30 00:00:00+00:00,0.9999,0.9999,0.9999,0.9999,1,chainlink,measured,0.5999999999994898,1
2023-03-31 00:00:00+00:00,0.999852,0.999852,0.999852,0.999852,1,chainlink,measured,1.380000000000825,1
2023-04-01 00:00:00+00:00,0.99994727,0.99994727,0.99994727,0.99994727,1,chainlink,measured,0.8272999999991981,1
2023-04-02 00:00:00+00:00,0.99973724,0.99973724,0.99973724,0.99973724,1,chainlink,measured,2.6276000000002853,1
2023-04-03 00:00:00+00:00,0.9997,0.9997,0.9997,0.9997,1,chainlink,measured,4.8000000000003595,1
2023-04-04 00:00:00+00:00,0.9997,0.9997,0.9997,0.9997,1,chainlink,measured,2.9999999999996696,1
2023-04-05 00:00:00+00:00,0.99994849,0.99994849,0.99994849,0.99994849,1,chainlink,measured,0.0848999999991662,1
2023-04-06 00:00:00+00:00,0.99971031,0.99971031,0.99971031,0.99971031,1,chainlink,measured,3.096899999999181,1
2023-04-07 00:00:00+00:00,0.99976136,0.99976136,0.99976136,0.99976136,1,chainlink,measured,4.686399999999091,1
2023-04-08 00:00:00+00:00,1.00000445,1.00000445,1.00000445,1.00000445,1,chainlink,measured,0.9445000000007919,1
2023-04-09 00:00:00+00:00,0.9999129,0.9999129,0.9999129,0.9999129,1,chainlink,measured,0.17099999999992122,1
2023-04-10 00:00:00+00:00,0.9998,0.9998,0.9998,0.9998,1,chainlink,measured,1.9999999999997797,1
2023-04-11 00:00:00+00:00,0.9998,0.9998,0.9998,0.9998,1,chainlink,measured,1.9999999999997797,1
2023-04-12 00:00:00+00:00,0.99973939,0.99973939,0.99973939,0.99973939,1,chainlink,measured,2.6060999999999446,1
2023-04-13 00:00:00+00:00,0.99987,0.99987,0.99987,0.99987,1,chainlink,measured,2.6999999999999247,1
2023-04-14 00:00:00+00:00,0.99993,0.99993,0.99993,0.99993,1,chainlink,measured,1.5999999999993797,1
2023-04-15 00:00:00+00:00,0.99992126,0.99992126,0.99992126,0.99992126,1,chainlink,measured,1.4873999999998055,1
2023-04-16 00:00:00+00:00,0.999818,0.999818,0.999818,0.999818,1,chainlink,measured,2.1199999999998997,1
2023-04-17 00:00:00+00:00,0.9998,0.9998,0.9998,0.9998,1,chainlink,measured,1.40000000000029,1
2023-04-18 00:00:00+00:00,0.9999,0.9999,0.9999,0.9999,1,chainlink,measured,0.9999999999998899,1
2023-04-19 00:00:00+00:00,1.00001625,1.00001625,1.00001625,1.00001625,1,chainlink,measured,1.1374999999991253,1
2023-04-20 00:00:00+00:00,1.0,1.0,1.0,1.0,1,chainlink,measured,0.7999999999996898,1
2023-04-21 00:00:00+00:00,1.0000202,1.0000202,1.0000202,1.0000202,1,chainlink,measured,2.1020000000004924,1
2023-04-22 00:00:00+00:00,1.0002,1.0002,1.0002,1.0002,1,chainlink,measured,1.8999999999991246,1
2023-04-23 00:00:00+00:00,1.00005624,1.00005624,1.00005624,1.00005624,1,chainlink,measured,0.5376000000012482,1
2023-04-24 00:00:00+00:00,1.00001134,1.00001134,1.00001134,1.00001134,1,chainlink,measured,2.013399999999388,1
2023-04-25 00:00:00+00:00,0.9999,0.9999,0.9999,0.9999,1,chainlink,measured,0.0,1
2023-04-26 00:00:00+00:00,1.00012638,1.00012638,1.00012638,1.00012638,1,chainlink,measured,1.16379999999916,1
2023-04-27 00:00:00+00:00,0.9999515,0.9999515,0.9999515,0.9999515,1,chainlink,measured,0.3850000000005238,1
2023-04-28 00:00:00+00:00,0.99999,0.99999,0.99999,0.99999,1,chainlink,measured,0.0999999999995449,1
2023-04-29 00:00:00+00:00,1.00013242,1.00013242,1.00013242,1.00013242,1,chainlink,measured,0.7241999999996196,1
2023-04-30 00:00:00+00:00,1.00003367,1.00003367,1.00003367,1.00003367,1,chainlink,measured,0.3367000000009668,1
2023-05-01 00:00:00+00:00,1.0,1.0,1.0,1.0,1,chainlink,measured,1.7999999999995797,1
2023-05-02 00:00:00+00:00,1.000402,1.000402,1.000402,1.000402,1,chainlink,measured,2.9199999999995896,1
2023-05-03 00:00:00+00:00,1.0000143,1.0000143,1.0000143,1.0000143,1,chainlink,measured,0.842999999999261,1
2023-05-04 00:00:00+00:00,0.99993,0.99993,0.99993,0.99993,1,chainlink,measured,0.6000000000006,1
2023-05-05 00:00:00+00:00,1.00010557,1.00010557,1.00010557,1.00010557,1,chainlink,measured,0.8442999999980216,1
2023-05-06 00:00:00+00:00,0.9999395,0.9999395,0.9999395,0.9999395,1,chainlink,measured,1.5049999999994235,1
2023-05-07 00:00:00+00:00,1.00004143,1.00004143,1.00004143,1.00004143,1,chainlink,measured,0.18569999999940023,1
2023-05-08 00:00:00+00:00,1.0025515,1.0025515,0.99999625,1.000196,3,chainlink,measured,1.96000000000085,1
2023-05-09 00:00:00+00:00,1.00030296,1.00030296,1.00030296,1.00030296,1,chainlink,measured,2.829600000000543,1
2023-05-10 00:00:00+00:00,0.999833,0.999833,0.999833,0.999833,1,chainlink,measured,1.9700000000000273,1
2023-05-11 00:00:00+00:00,1.00003985,1.00003985,1.00003985,1.00003985,1,chainlink,measured,0.0014999999997655777,1
2023-05-12 00:00:00+00:00,0.99986496,0.99986496,0.99986496,0.99986496,1,chainlink,measured,3.5504000000008418,1
2023-05-13 00:00:00+00:00,1.00001,1.00001,1.00001,1.00001,1,chainlink,measured,0.09999999999843467,1
2023-05-14 00:00:00+00:00,1.00003149,1.00003149,1.00003149,1.00003149,1,chainlink,measured,0.4148999999997738,1
2023-05-15 00:00:00+00:00,0.9999,0.9999,0.9999,0.9999,1,chainlink,measured,1.40000000000029,1
2023-05-16 00:00:00+00:00,0.99989235,0.99989235,0.99989235,0.99989235,1,chainlink,measured,1.2764999999992366,1
2023-05-17 00:00:00+00:00,0.99990144,0.99990144,0.99990144,0.99990144,1,chainlink,measured,0.5855999999992978,1
2023-05-18 00:00:00+00:00,0.9999,0.9999,0.9999,0.9999,1,chainlink,measured,0.9999999999998899,1
2023-05-19 00:00:00+00:00,0.99996014,0.99996014,0.99996014,0.99996014,1,chainlink,measured,0.6013999999998632,1
2023-05-20 00:00:00+00:00,0.99986,0.99986,0.99986,0.99986,1,chainlink,measured,0.9999999999998899,1
2023-05-21 00:00:00+00:00,0.9999,0.9999,0.9999,0.9999,1,chainlink,measured,0.5999999999994898,1
2023-05-22 00:00:00+00:00,0.99982217,0.99982217,0.99982217,0.99982217,1,chainlink,measured,1.7783000000004545,1
2023-05-23 00:00:00+00:00,0.99994404,0.99994404,0.99994404,0.99994404,1,chainlink,measured,0.14040000000048458,1
2023-05-24 00:00:00+00:00,0.99980821,0.99980821,0.99980821,0.99980821,1,chainlink,measured,2.31790000000065,1
2023-05-25 00:00:00+00:00,0.99999781,0.99999781,0.99999781,0.99999781,1,chainlink,measured,0.32189999999987506,1
2023-05-26 00:00:00+00:00,1.0,1.0,1.0,1.0,1,chainlink,measured,0.5999999999994898,1
2023-05-27 00:00:00+00:00,1.00006,1.00006,1.00006,1.00006,1,chainlink,measured,0.0,1
2023-05-28 00:00:00+00:00,1.00003112,1.00003112,1.00003112,1.00003112,1,chainlink,measured,0.3887999999996339,1
2023-05-29 00:00:00+00:00,0.9998,0.9998,0.9998,0.9998,1,chainlink,measured,2.4000000000001798,1
2023-05-30 00:00:00+00:00,0.99964208,0.99964208,0.99964208,0.99964208,1,chainlink,measured,3.8791999999998605,1
2023-05-31 00:00:00+00:00,0.9997,0.9997,0.9997,0.9997,1,chainlink,measured,3.5000000000007248,1
2023-06-01 00:00:00+00:00,0.99987375,0.99987375,0.99987375,0.99987375,1,chainlink,measured,1.5624999999996891,1
2023-06-02 00:00:00+00:00,0.99979708,0.99979708,0.99979708,0.99979708,1,chainlink,measured,2.629199999999443,1
2023-06-03 00:00:00+00:00,0.99999437,0.99999437,0.99999437,0.99999437,1,chainlink,measured,0.6562999999992769,1
2023-06-04 00:00:00+00:00,0.99988193,0.99988193,0.99988193,0.99988193,1,chainlink,measured,1.2807000000003566,1
2023-06-05 00:00:00+00:00,0.99969895,0.99969895,0.99969895,0.99969895,1,chainlink,measured,3.310499999999994,1
2023-06-06 00:00:00+00:00,0.99994,0.99994,0.99994,0.99994,1,chainlink,measured,0.700000000000145,1
2023-06-07 00:00:00+00:00,0.99997979,0.99997979,0.99997979,0.99997979,1,chainlink,measured,0.6021000000000498,1
2023-06-08 00:00:00+00:00,1.0,1.0,1.0,1.0,1,chainlink,measured,0.5000000000010552,1
2023-06-09 00:00:00+00:00,1.00005,1.00005,1.00005,1.00005,1,chainlink,measured,0.0,1
2023-06-10 00:00:00+00:00,1.0001328,1.0001328,1.0001328,1.0001328,1,chainlink,measured,0.9280000000000399,1
2023-06-11 00:00:00+00:00,0.999859,0.999859,0.999859,0.999859,1,chainlink,measured,2.309999999998702,1
2023-06-12 00:00:00+00:00,0.99980468,0.99980468,0.99980468,0.99980468,1,chainlink,measured,2.553199999999478,1
2023-06-13 00:00:00+00:00,1.0,1.0,1.0,1.0,1,chainlink,measured,0.2999999999997449,1
2023-06-14 00:00:00+00:00,1.00003438,1.00003438,1.00003438,1.00003438,1,chainlink,measured,0.15620000000104994,1
2023-06-15 00:00:00+00:00,1.000249,1.000249,1.000249,1.000249,1,chainlink,measured,1.989999999998382,1
2023-06-16 00:00:00+00:00,1.00025614,1.00025614,1.00025614,1.00025614,1,chainlink,measured,2.061399999999658,1
2023-06-17 00:00:00+00:00,1.00004534,1.00004534,1.00004534,1.00004534,1,chainlink,measured,0.04660000000100695,1
2023-06-18 00:00:00+00:00,1.00022279,1.00022279,1.00022279,1.00022279,1,chainlink,measured,2.0279000000011926,1
2023-06-19 00:00:00+00:00,1.0002,1.0002,1.0002,1.0002,1,chainlink,measured,1.7000000000000348,1
2023-06-20 00:00:00+00:00,1.00021167,1.00021167,1.00021167,1.00021167,1,chainlink,measured,1.6167000000000264,1
2023-06-21 00:00:00+00:00,1.000032,1.000032,1.000032,1.000032,1,chainlink,measured,0.2199999999996649,1
2023-06-22 00:00:00+00:00,0.999875,0.999875,0.999875,0.999875,1,chainlink,measured,1.3500000000010726,1
2023-06-23 00:00:00+00:00,0.99996703,0.99996703,0.99996703,0.99996703,1,chainlink,measured,0.9296999999997002,1
2023-06-24 00:00:00+00:00,0.9998,0.9998,0.9998,0.9998,1,chainlink,measured,2.1999999999988695,1
2023-06-25 00:00:00+00:00,0.99998938,0.99998938,0.99998938,0.99998938,1,chainlink,measured,0.6062000000006673,1
2023-06-26 00:00:00+00:00,0.99980957,0.99980957,0.99980957,0.99980957,1,chainlink,measured,1.404299999999692,1
2023-06-27 00:00:00+00:00,0.9999,0.9999,0.9999,0.9999,1,chainlink,measured,0.9999999999998899,1
2023-06-28 00:00:00+00:00,0.999883,0.999883,0.999883,0.999883,1,chainlink,measured,1.2700000000009926,1
2023-06-29 00:00:00+00:00,0.99999076,1.0,0.99999076,1.0,2,chainlink,measured,0.2999999999997449,1
2023-06-30 00:00:00+00:00,1.0000981,1.0000981,1.0000981,1.0000981,1,chainlink,measured,0.5809999999994986,1
2023-07-01 00:00:00+00:00,1.00021706,1.00021706,1.00021706,1.00021706,1,chainlink,measured,1.8706000000001666,1
2023-07-02 00:00:00+00:00,1.00005,1.00005,1.00005,1.00005,1,chainlink,measured,0.10000000000065512,1
2023-07-03 00:00:00+00:00,1.00002533,1.00002533,1.00002533,1.00002533,1,chainlink,measured,0.3467000000001441,1
2023-07-04 00:00:00+00:00,0.99996257,0.99996257,0.99996257,0.99996257,1,chainlink,measured,0.4743000000007047,1
2023-07-05 00:00:00+00:00,0.99992837,0.99992837,0.99992837,0.99992837,1,chainlink,measured,0.716299999999892,1
2023-07-06 00:00:00+00:00,0.99989217,0.99989217,0.99989217,0.99989217,1,chainlink,measured,0.6782999999999095,1
2023-07-07 00:00:00+00:00,0.99999539,0.99999539,0.99999539,0.99999539,1,chainlink,measured,0.04609999999960479,1
2023-07-08 00:00:00+00:00,1.0,1.0,1.0,1.0,1,chainlink,measured,0.0,1
2023-07-09 00:00:00+00:00,1.00003476,1.00003476,1.00003476,1.00003476,1,chainlink,measured,0.6475999999988602,1
2023-07-10 00:00:00+00:00,1.00004662,1.00004662,1.00004662,1.00004662,1,chainlink,measured,0.4661999999999722,1
2023-07-11 00:00:00+00:00,1.0000095,1.0000095,1.0000095,1.0000095,1,chainlink,measured,1.1049999999990234,1
2023-07-12 00:00:00+00:00,0.99993109,0.99993109,0.99993109,0.99993109,1,chainlink,measured,1.089100000000176,1
2023-07-13 00:00:00+00:00,0.99999669,0.99999669,0.99999669,0.99999669,1,chainlink,measured,0.4331000000001861,1
2023-07-14 00:00:00+00:00,0.99993065,0.99993065,0.99993065,0.99993065,1,chainlink,measured,0.5935000000001356,1
2023-07-15 00:00:00+00:00,1.0,1.0,1.0,1.0,1,chainlink,measured,0.10000000000065512,1
2023-07-16 00:00:00+00:00,0.99990869,0.99990869,0.99990869,0.99990869,1,chainlink,measured,1.013100000000211,1
2023-07-17 00:00:00+00:00,0.99987665,0.99987665,0.99987665,0.99987665,1,chainlink,measured,1.2334999999996654,1
2023-07-18 00:00:00+00:00,0.99989191,0.99989191,0.99989191,0.99989191,1,chainlink,measured,1.1809000000007064,1
2023-07-19 00:00:00+00:00,0.99986646,0.99986646,0.99986646,0.99986646,1,chainlink,measured,1.4354000000005307,1
2023-07-20 00:00:00+00:00,0.99996753,0.99996753,0.99996753,0.99996753,1,chainlink,measured,0.12469999999931147,1
2023-07-21 00:00:00+00:00,1.0,1.0,1.0,1.0,1,chainlink,measured,0.20000000000020002,1
2023-07-22 00:00:00+00:00,1.00000806,1.00000806,1.00000806,1.00000806,1,chainlink,measured,0.28060000000107443,1
2023-07-23 00:00:00+00:00,0.99991972,0.99998142,0.99991972,0.99998142,2,chainlink,measured,0.08580000000035781,1
2023-07-24 00:00:00+00:00,0.99990877,0.99990877,0.99990877,0.99990877,1,chainlink,measured,0.912299999999977,1
2023-07-25 00:00:00+00:00,1.000057,1.000057,1.000057,1.000057,1,chainlink,measured,0.5699999999997374,1
2023-07-26 00:00:00+00:00,1.0,1.0,1.0,1.0,1,chainlink,measured,0.1999999999990898,1
2023-07-27 00:00:00+00:00,0.99992892,0.99992892,0.99992892,0.99992892,1,chainlink,measured,1.0107999999997563,1
2023-07-28 00:00:00+00:00,1.0,1.0,1.0,1.0,1,chainlink,measured,0.40000000000040004,1
2023-07-29 00:00:00+00:00,1.00002832,1.00002832,1.00002832,1.00002832,1,chainlink,measured,0.016800000000039006,1
2023-07-30 00:00:00+00:00,1.0000197,1.0000197,1.0000197,1.0000197,1,chainlink,measured,0.10300000000018628,1
2023-07-31 00:00:00+00:00,0.99996363,0.99996363,0.99996363,0.99996363,1,chainlink,measured,0.7637000000004779,1
2023-08-01 00:00:00+00:00,1.00003977,1.00003977,1.00003977,1.00003977,1,chainlink,measured,0.6977000000008005,1
2023-08-02 00:00:00+00:00,1.000064,1.000064,1.000064,1.000064,1,chainlink,measured,0.34000000000089514,1
2023-08-03 00:00:00+00:00,1.0000991,1.0000991,1.0000991,1.0000991,1,chainlink,measured,1.0909999999986209,1
2023-08-04 00:00:00+00:00,1.00007413,1.00007413,1.00007413,1.00007413,1,chainlink,measured,3.7412999999997254,1
2023-08-05 00:00:00+00:00,1.00016315,1.00016315,0.99995099,0.99995099,2,chainlink,measured,0.8901000000005599,1
2023-08-06 00:00:00+00:00,1.000109,1.000109,1.000109,1.000109,1,chainlink,measured,1.3899999999988921,1
2023-08-07 00:00:00+00:00,1.000197,1.000197,1.000197,1.000197,1,chainlink,measured,1.2699999999998823,1
2023-08-08 00:00:00+00:00,1.0001326,1.0001326,1.0001326,1.0001326,1,chainlink,measured,0.22599999999872722,1
2023-08-09 00:00:00+00:00,1.00029938,1.00029938,1.00029938,1.00029938,1,chainlink,measured,2.5937999999992023,1
2023-08-10 00:00:00+00:00,1.00001281,1.00001281,1.00001281,1.00001281,1,chainlink,measured,0.32810000000105255,1
2023-08-11 00:00:00+00:00,0.999941,0.999941,0.999941,0.999941,1,chainlink,measured,1.0900000000013677,1
2023-08-12 00:00:00+00:00,1.0001992,1.0001992,1.0001992,1.0001992,1,chainlink,measured,1.4919999999984945,1
2023-08-13 00:00:00+00:00,1.000361,1.000361,1.000361,1.000361,1,chainlink,measured,3.4100000000014674,1
2023-08-14 00:00:00+00:00,0.9999094,0.9999094,0.9999094,0.9999094,1,chainlink,measured,0.6060000000007726,1
2023-08-15 00:00:00+00:00,0.99994,0.99994,0.99994,0.99994,1,chainlink,measured,0.8999999999992347,1
2023-08-16 00:00:00+00:00,1.00003772,1.00003772,1.00003772,1.00003772,1,chainlink,measured,0.3771999999990783,1
2023-08-17 00:00:00+00:00,0.99995969,0.99995969,0.99995969,0.99995969,1,chainlink,measured,0.10310000000068875,1
2023-08-18 00:00:00+00:00,0.999997,0.999997,0.999997,0.999997,1,chainlink,measured,0.4300000000001525,1
2023-08-19 00:00:00+00:00,1.00011425,1.00011425,1.00011425,1.00011425,1,chainlink,measured,0.7424999999994242,1
2023-08-20 00:00:00+00:00,1.000105,1.000105,1.000105,1.000105,1,chainlink,measured,0.6499999999998174,1
2023-08-21 00:00:00+00:00,0.999997,0.999997,0.999997,0.999997,1,chainlink,measured,0.22999999999884224,1
2023-08-22 00:00:00+00:00,1.00002433,1.00002433,1.00002433,1.00002433,1,chainlink,measured,0.2567000000008868,1
2023-08-23 00:00:00+00:00,1.00007179,1.00007179,1.00007179,1.00007179,1,chainlink,measured,1.017899999999905,1
2023-08-24 00:00:00+00:00,1.000086,1.000086,1.000086,1.000086,1,chainlink,measured,0.45999999999990493,1
2023-08-25 00:00:00+00:00,1.00002195,1.00002195,1.00002195,1.00002195,1,chainlink,measured,0.08049999999926172,1
2023-08-26 00:00:00+00:00,1.0002155,1.0002155,1.0002155,1.0002155,1,chainlink,measured,1.854999999999496,1
2023-08-27 00:00:00+00:00,1.000173,1.000173,1.000173,1.000173,1,chainlink,measured,1.3299999999993872,1
2023-08-28 00:00:00+00:00,1.000128,1.000128,1.000128,1.000128,1,chainlink,measured,1.2799999999990597,1
2023-08-29 00:00:00+00:00,1.000109,1.000109,1.000109,1.000109,1,chainlink,measured,1.3899999999988921,1
2023-08-30 00:00:00+00:00,1.00006415,1.00006415,1.00006415,1.00006415,1,chainlink,measured,0.2415000000000056,1
2023-08-31 00:00:00+00:00,1.0,1.0,1.0,1.0,1,chainlink,measured,0.20000000000020002,1
2023-09-01 00:00:00+00:00,1.00006557,1.00006557,1.00006557,1.00006557,1,chainlink,measured,0.9557000000004479,1
2023-09-02 00:00:00+00:00,1.00018459,1.00018459,1.00018459,1.00018459,1,chainlink,measured,2.1458999999990347,1
2023-09-03 00:00:00+00:00,1.00013747,1.00013747,1.00013747,1.00013747,1,chainlink,measured,1.674700000000584,1
2023-09-04 00:00:00+00:00,0.99996917,0.99996917,0.99996917,0.99996917,1,chainlink,measured,0.20830000000082727,1
2023-09-05 00:00:00+00:00,0.99994253,0.99994253,0.99994253,0.99994253,1,chainlink,measured,0.37469999999983905,1
2023-09-06 00:00:00+00:00,1.000073,1.000073,0.99993411,0.99993411,2,chainlink,measured,0.758900000000784,1
2023-09-07 00:00:00+00:00,1.00005195,1.00005195,1.00005195,1.00005195,1,chainlink,measured,0.419499999999573,1
2023-09-08 00:00:00+00:00,1.00011773,1.00011773,1.00011773,1.00011773,1,chainlink,measured,1.0772999999986155,1
2023-09-09 00:00:00+00:00,1.00004406,1.00004406,1.00004406,1.00004406,1,chainlink,measured,0.3405999999994691,1
2023-09-10 00:00:00+00:00,1.000187,1.000187,1.000187,1.000187,1,chainlink,measured,2.069999999999572,1
2023-09-11 00:00:00+00:00,1.00002399,1.00002399,1.00002399,1.00002399,1,chainlink,measured,0.13990000000019265,1
2023-09-12 00:00:00+00:00,1.00012432,1.00012432,1.00012432,1.00012432,1,chainlink,measured,1.443200000000866,1
2023-09-13 00:00:00+00:00,0.99993156,0.99993156,0.99993156,0.99993156,1,chainlink,measured,0.7844000000001294,1
2023-09-14 00:00:00+00:00,1.0000986,1.0000986,1.0000986,1.0000986,1,chainlink,measured,0.9860000000005975,1
2023-09-15 00:00:00+00:00,1.00007339,1.00007339,1.00007339,1.00007339,1,chainlink,measured,0.633899999999965,1
2023-09-16 00:00:00+00:00,1.00004962,1.00004962,1.00004962,1.00004962,1,chainlink,measured,0.49619999999972464,1
2023-09-17 00:00:00+00:00,1.00000954,1.00000954,1.00000954,1.00000954,1,chainlink,measured,0.09539999999974569,1
2023-09-18 00:00:00+00:00,1.00006729,1.00006729,1.00006729,1.00006729,1,chainlink,measured,0.27290000000013137,1
2023-09-19 00:00:00+00:00,0.99996293,0.99996293,0.99996293,0.99996293,1,chainlink,measured,0.47070000000037915,1
2023-09-20 00:00:00+00:00,1.00004374,1.00004374,1.00004374,1.00004374,1,chainlink,measured,0.537399999999133,1
2023-09-21 00:00:00+00:00,0.99996382,0.99996382,0.99996382,0.99996382,1,chainlink,measured,0.0618000000007779,1
2023-09-22 00:00:00+00:00,1.0001,1.0001,1.0001,1.0001,1,chainlink,measured,0.8000000000008001,1
2023-09-23 00:00:00+00:00,1.0001,1.0001,1.0001,1.0001,1,chainlink,measured,0.8000000000008001,1
2023-09-24 00:00:00+00:00,1.00002414,1.00002414,1.00002414,1.00002414,1,chainlink,measured,0.2586000000004418,1
2023-09-25 00:00:00+00:00,1.00000399,1.00000399,1.00000399,1.00000399,1,chainlink,measured,0.23989999999973755,1
2023-09-26 00:00:00+00:00,1.00004307,1.00004307,1.00004307,1.00004307,1,chainlink,measured,0.6307000000005392,1
2023-09-27 00:00:00+00:00,1.00002953,1.00002953,1.00002953,1.00002953,1,chainlink,measured,0.5952999999991881,1
2023-09-28 00:00:00+00:00,1.00013941,1.00013941,1.00013941,1.00013941,1,chainlink,measured,1.3941000000006198,1
2023-09-29 00:00:00+00:00,1.00008539,1.00008539,1.00008539,1.00008539,1,chainlink,measured,0.85389999999963,1
2023-09-30 00:00:00+00:00,1.00014969,1.00014969,1.00014969,1.00014969,1,chainlink,measured,1.4968999999998012,1
2023-10-01 00:00:00+00:00,1.0000266,1.0000266,1.0000266,1.0000266,1,chainlink,measured,0.03399999999986747,1
2023-10-02 00:00:00+00:00,1.00000684,1.00000684,1.00000684,1.00000684,1,chainlink,measured,0.3683999999992693,1
2023-10-03 00:00:00+00:00,0.99989959,0.99989959,0.99989959,0.99989959,1,chainlink,measured,1.0041000000005074,1
2023-10-04 00:00:00+00:00,0.999971,0.99997235,0.999971,0.99997235,3,chainlink,measured,0.07650000000025692,1
2023-10-05 00:00:00+00:00,1.00000144,1.00000144,1.00000144,1.00000144,1,chainlink,measured,0.014399999999081814,1
2023-10-06 00:00:00+00:00,0.99996246,0.99996246,0.99996246,0.99996246,1,chainlink,measured,0.1753999999998257,1
2023-10-07 00:00:00+00:00,1.000106,1.000106,1.000106,1.000106,1,chainlink,measured,1.2599999999995948,1
2023-10-08 00:00:00+00:00,0.99999176,0.99999176,0.99999176,0.99999176,1,chainlink,measured,0.01759999999961792,1
2023-10-09 00:00:00+00:00,0.999846,0.999846,0.999846,0.999846,1,chainlink,measured,1.8399999999996197,1
2023-10-10 00:00:00+00:00,0.99989658,0.99989658,0.99989658,0.99989658,1,chainlink,measured,0.7341999999999071,1
2023-10-11 00:00:00+00:00,0.99996999,0.99996999,0.99996999,0.99996999,1,chainlink,measured,0.4001000000009025,1
2023-10-12 00:00:00+00:00,1.00010436,1.00010436,1.00010436,1.00010436,1,chainlink,measured,0.7435999999994003,1
2023-10-13 00:00:00+00:00,1.00017558,1.00017558,1.00017558,1.00017558,1,chainlink,measured,1.3558000000002401,1
2023-10-14 00:00:00+00:00,1.0001,1.0001,1.0001,1.0001,1,chainlink,measured,0.5999999999994898,1
2023-10-15 00:00:00+00:00,1.0000662,1.0000662,1.0000662,1.0000662,1,chainlink,measured,0.36200000000041754,1
2023-10-16 00:00:00+00:00,1.000073,1.000073,1.000073,1.000073,1,chainlink,measured,0.7299999999998974,1
2023-10-17 00:00:00+00:00,0.99998593,0.99998593,0.99998593,0.99998593,1,chainlink,measured,0.14069999999977156,1
2023-10-18 00:00:00+00:00,0.99997053,0.99997053,0.99997053,0.99997053,1,chainlink,measured,0.39470000000041416,1
2023-10-19 00:00:00+00:00,1.000055,1.000055,1.000055,1.000055,1,chainlink,measured,0.14999999999876223,1
2023-10-20 00:00:00+00:00,0.99996763,0.99996763,0.99996763,0.99996763,1,chainlink,measured,0.12369999999983783,1
2023-10-21 00:00:00+00:00,0.99992513,0.99992513,0.99992513,0.99992513,1,chainlink,measured,0.5486999999992914,1
2023-10-22 00:00:00+00:00,0.99999963,0.99999963,0.99999963,0.99999963,1,chainlink,measured,0.2963000000000271,1
2023-10-23 00:00:00+00:00,0.99984995,0.99984995,0.99984995,0.99984995,1,chainlink,measured,1.6005000000007819,1
2023-10-24 00:00:00+00:00,0.99993008,0.99993008,0.99993008,0.99993008,1,chainlink,measured,0.7992000000001109,1
2023-10-25 00:00:00+00:00,1.0000404,1.0000404,1.0000404,1.0000404,1,chainlink,measured,0.30399999999985994,1
2023-10-26 00:00:00+00:00,0.99999996,0.99999996,0.99999996,0.99999996,1,chainlink,measured,0.4004000000001895,1
2023-10-27 00:00:00+00:00,0.99995047,0.99995047,0.99995047,0.99995047,1,chainlink,measured,0.695299999998733,1
2023-10-28 00:00:00+00:00,0.99999137,0.99999137,0.99999137,0.99999137,1,chainlink,measured,0.2137000000002054,1
2023-10-29 00:00:00+00:00,1.00006998,1.00006998,1.00006998,1.00006998,1,chainlink,measured,0.9997999999988849,1
2023-10-30 00:00:00+00:00,0.999985,0.999985,0.999985,0.999985,1,chainlink,measured,0.7499999999993623,1
2023-10-31 00:00:00+00:00,1.00001048,1.00001048,1.00001048,1.00001048,1,chainlink,measured,0.3048000000005491,1
2023-11-01 00:00:00+00:00,0.99991586,0.99991586,0.99991586,0.99991586,1,chainlink,measured,0.5414000000003583,1
2023-11-02 00:00:00+00:00,0.99997427,0.99997427,0.99997427,0.99997427,1,chainlink,measured,0.05729999999926072,1
2023-11-03 00:00:00+00:00,0.99997743,0.99997743,0.99997743,0.99997743,1,chainlink,measured,0.5257000000002954,1
2023-11-04 00:00:00+00:00,1.00015899,1.00015899,1.00015899,1.00015899,1,chainlink,measured,1.18990000000041,1
2023-11-05 00:00:00+00:00,1.00010486,1.00010486,1.00010486,1.00010486,1,chainlink,measured,1.048599999999844,1
2023-11-06 00:00:00+00:00,0.99996072,1.0,0.99996072,1.0,2,chainlink,measured,0.10000000000065512,1
2023-11-07 00:00:00+00:00,1.00003662,1.00003662,1.00003662,1.00003662,1,chainlink,measured,0.06619999999957216,1
2023-11-08 00:00:00+00:00,0.99992987,0.99992987,0.99992987,0.99992987,1,chainlink,measured,1.1013000000004158,1
2023-11-09 00:00:00+00:00,1.00005981,1.00005981,1.00005981,1.00005981,1,chainlink,measured,0.8980999999996797,1
2023-11-10 00:00:00+00:00,0.9999,0.9999,0.9999,0.9999,1,chainlink,measured,0.700000000000145,1
2023-11-11 00:00:00+00:00,1.0000799,1.0000799,1.0000799,1.0000799,1,chainlink,measured,1.0989999999999611,1
2023-11-12 00:00:00+00:00,0.99999991,0.99999991,0.99999991,0.99999991,1,chainlink,measured,0.3008999999998263,1
2023-11-13 00:00:00+00:00,0.99977144,0.99977144,0.99977144,0.99977144,1,chainlink,measured,2.685600000000843,1
2023-11-14 00:00:00+00:00,1.00004763,1.00004763,1.00004763,1.00004763,1,chainlink,measured,0.07630000000036219,1
2023-11-15 00:00:00+00:00,0.99993605,0.99993605,0.99993605,0.99993605,1,chainlink,measured,1.339500000000493,1
2023-11-16 00:00:00+00:00,0.99999593,0.99999593,0.99999593,0.99999593,1,chainlink,measured,0.7407000000003716,1
2023-11-17 00:00:00+00:00,0.999985,0.999985,0.999985,0.999985,1,chainlink,measured,0.5500000000002725,1
2023-11-18 00:00:00+00:00,1.0000051,1.0000051,1.0000051,1.0000051,1,chainlink,measured,0.35100000000065634,1
2023-11-19 00:00:00+00:00,1.00002567,1.00002567,1.00002567,1.00002567,1,chainlink,measured,0.15670000000023165,1
2023-11-20 00:00:00+00:00,1.00005245,1.00005245,1.00005245,1.00005245,1,chainlink,measured,0.6245000000004719,1
2023-11-21 00:00:00+00:00,1.00002526,1.00002526,1.00002526,1.00002526,1,chainlink,measured,0.14740000000124098,1
2023-11-22 00:00:00+00:00,1.00001291,1.00001291,1.00001291,1.00001291,1,chainlink,measured,0.32909999999941597,1
2023-11-23 00:00:00+00:00,1.000059,1.000059,1.000059,1.000059,1,chainlink,measured,0.5900000000003125,1
2023-11-24 00:00:00+00:00,1.00019228,1.00019228,1.00019228,1.00019228,1,chainlink,measured,1.5228000000000463,1
2023-11-25 00:00:00+00:00,0.99997137,0.99997137,0.99997137,0.99997137,1,chainlink,measured,0.5862999999994845,1
2023-11-26 00:00:00+00:00,0.99978891,0.99978891,0.99978891,0.99978891,1,chainlink,measured,2.0109000000001487,1
2023-11-27 00:00:00+00:00,0.99990875,0.99990875,0.99990875,0.99990875,1,chainlink,measured,0.6125000000001268,1
2023-11-28 00:00:00+00:00,1.00007187,1.00007187,1.00007187,1.00007187,1,chainlink,measured,0.31869999999933896,1
2023-11-29 00:00:00+00:00,0.99991968,0.99991968,0.99991968,0.99991968,1,chainlink,measured,0.803200000000226,1
2023-11-30 00:00:00+00:00,0.99995132,0.99995132,0.99995132,0.99995132,1,chainlink,measured,0.3868000000006866,1
2023-12-01 00:00:00+00:00,1.00001,1.00001,1.00001,1.00001,1,chainlink,measured,0.0,1
2023-12-02 00:00:00+00:00,0.99983936,0.99983936,0.99983936,0.99983936,1,chainlink,measured,1.306400000000707,1
2023-12-03 00:00:00+00:00,0.99990987,0.99990987,0.99990987,0.99990987,1,chainlink,measured,1.2012999999999607,1
2023-12-04 00:00:00+00:00,0.99992473,0.99992473,0.99992473,0.99992473,1,chainlink,measured,0.8527000000002616,1
2023-12-05 00:00:00+00:00,0.9999,0.9999,0.9999,0.9999,1,chainlink,measured,1.40000000000029,1
2023-12-06 00:00:00+00:00,1.0,1.0,1.0,1.0,1,chainlink,measured,0.40000000000040004,1
2023-12-07 00:00:00+00:00,1.0000726,1.0000726,1.0000726,1.0000726,1,chainlink,measured,0.7259999999997824,1
2023-12-08 00:00:00+00:00,0.99999511,0.99999511,0.99999511,0.99999511,1,chainlink,measured,0.05109999999919346,1
2023-12-09 00:00:00+00:00,1.00007603,1.00007603,1.00007603,1.00007603,1,chainlink,measured,0.860299999999592,1
2023-12-10 00:00:00+00:00,1.00002,1.00002,1.00002,1.00002,1,chainlink,measured,0.2999999999986347,1
2023-12-11 00:00:00+00:00,1.000036,1.000036,1.000036,1.000036,1,chainlink,measured,0.3599999999992498,1
2023-12-12 00:00:00+00:00,1.0003,1.0003,1.0003,1.0003,1,chainlink,measured,2.5999999999992696,1
2023-12-13 00:00:00+00:00,1.0000943,1.0000943,1.0000943,1.0000943,1,chainlink,measured,0.842999999999261,1
2023-12-14 00:00:00+00:00,1.00005299,1.00005299,1.00005299,1.00005299,1,chainlink,measured,0.4298999999985398,1
2023-12-15 00:00:00+00:00,1.0001122,1.0001122,1.0001003,1.0001003,2,chainlink,measured,0.9029999999987659,1
2023-12-16 00:00:00+00:00,1.00027726,1.00027726,1.00027726,1.00027726,1,chainlink,measured,2.772600000000569,1
2023-12-17 00:00:00+00:00,1.000224,1.000224,1.000224,1.000224,1,chainlink,measured,2.1399999999993646,1
2023-12-18 00:00:00+00:00,1.00011561,1.00011561,1.00011561,1.00011561,1,chainlink,measured,0.7560999999989271,1
2023-12-19 00:00:00+00:00,1.00023,1.00023,1.00023,1.00023,1,chainlink,measured,2.3999999999990695,1
2023-12-20 00:00:00+00:00,1.000296,1.000296,1.000296,1.000296,1,chainlink,measured,3.0600000000002847,1
2023-12-21 00:00:00+00:00,1.00016999,1.00016999,1.00016999,1.00016999,1,chainlink,measured,1.5998999999999874,1
2023-12-22 00:00:00+00:00,1.00000901,1.00000901,1.00000901,1.00000901,1,chainlink,measured,0.19010000000041494,1
2023-12-23 00:00:00+00:00,1.00001048,1.00001048,1.00001048,1.00001048,1,chainlink,measured,0.004799999999693938,1
2023-12-24 00:00:00+00:00,1.00006329,1.00006329,1.00006329,1.00006329,1,chainlink,measured,0.7328999999989261,1
2023-12-25 00:00:00+00:00,1.00001939,1.00001939,1.00001939,1.00001939,1,chainlink,measured,0.29390000000018013,1
2023-12-26 00:00:00+00:00,1.0,1.0,1.0,1.0,1,chainlink,measured,0.0,1
2023-12-27 00:00:00+00:00,1.00014389,1.00014389,1.00014389,1.00014389,1,chainlink,measured,1.7388999999989885,1
2023-12-28 00:00:00+00:00,0.99993986,0.99993986,0.99993986,0.99993986,1,chainlink,measured,0.7014000000005183,1
2023-12-29 00:00:00+00:00,1.00001433,1.00001433,1.00001433,1.00001433,1,chainlink,measured,0.2567000000008868,1
2023-12-30 00:00:00+00:00,1.0,1.0,1.0,1.0,1,chainlink,measured,0.2999999999997449,1
2023-12-31 00:00:00+00:00,1.0003,1.0003,1.0003,1.0003,1,chainlink,measured,9.699999999999154,1
2024-01-01 00:00:00+00:00,1.00016891,1.00016891,1.00016891,1.00016891,1,chainlink,measured,1.9890999999994108,1
2024-01-02 00:00:00+00:00,0.999999,0.999999,0.999999,0.999999,1,chainlink,measured,0.20999999999937735,1
2024-01-03 00:00:00+00:00,1.00012743,1.00012743,1.00012743,1.00012743,1,chainlink,measured,1.3742999999999395,1
2024-01-04 00:00:00+00:00,0.99996938,0.99996938,0.99996938,0.99996938,1,chainlink,measured,0.4062000000004673,1
2024-01-05 00:00:00+00:00,0.99993013,0.99993013,0.99993013,0.99993013,1,chainlink,measured,0.5987000000007292,1
2024-01-06 00:00:00+00:00,1.0000584,1.0000584,1.0000584,1.0000584,1,chainlink,measured,0.8839999999987747,1
2024-01-07 00:00:00+00:00,0.99997794,0.99997794,0.99997794,0.99997794,1,chainlink,measured,0.32060000000111444,1
2024-01-08 00:00:00+00:00,0.99995122,0.99995122,0.99995122,0.99995122,1,chainlink,measured,0.48779999999970514,1
2024-01-09 00:00:00+00:00,1.00005284,1.00005284,1.00005284,1.00005284,1,chainlink,measured,0.4283999999987742,1
2024-01-10 00:00:00+00:00,1.00000589,1.00000589,1.00000589,1.00000589,1,chainlink,measured,0.15889999999907367,1
2024-01-11 00:00:00+00:00,1.00006181,1.00006181,1.00006181,1.00006181,1,chainlink,measured,0.5180999999998548,1
2024-01-12 00:00:00+00:00,1.00004257,1.00004257,1.00004257,1.00004257,1,chainlink,measured,0.12569999999989534,1
2024-01-13 00:00:00+00:00,1.00010301,1.00010301,1.00010301,1.00010301,1,chainlink,measured,1.2300999999992346,1
2024-01-14 00:00:00+00:00,1.00016,1.00016,1.00012346,1.00012346,2,chainlink,measured,1.2345999999996415,1
2024-01-15 00:00:00+00:00,1.00008597,1.00008597,1.00008597,1.00008597,1,chainlink,measured,1.1596999999996527,1
2024-01-16 00:00:00+00:00,1.0000958,1.0000958,1.0000958,1.0000958,1,chainlink,measured,0.6580000000000474,1
2024-01-17 00:00:00+00:00,1.00011213,1.00011213,1.00011213,1.00011213,1,chainlink,measured,1.1212999999998807,1
2024-01-18 00:00:00+00:00,1.00019088,1.00019088,1.00019088,1.00019088,1,chainlink,measured,1.5087999999985335,1
2024-01-19 00:00:00+00:00,1.00011394,1.00011394,1.00011394,1.00011394,1,chainlink,measured,1.1394000000009008,1
2024-01-20 00:00:00+00:00,1.0000567,1.0000567,1.0000567,1.0000567,1,chainlink,measured,0.4669999999995511,1
2024-01-21 00:00:00+00:00,1.0001,1.0001,1.0001,1.0001,1,chainlink,measured,0.5999999999994898,1
2024-01-22 00:00:00+00:00,1.0003444,1.0003444,1.0003444,1.0003444,1,chainlink,measured,3.5439999999986593,1
2024-01-23 00:00:00+00:00,1.000049,1.000049,1.000049,1.000049,1,chainlink,measured,0.7899999999994023,1
2024-01-24 00:00:00+00:00,1.00022018,1.00022018,1.00022018,1.00022018,1,chainlink,measured,2.5017999999987772,1
2024-01-25 00:00:00+00:00,1.00025,1.00025,1.00025,1.00025,1,chainlink,measured,2.4000000000001798,1
2024-01-26 00:00:00+00:00,1.000284,1.000284,1.000284,1.000284,1,chainlink,measured,2.4399999999991095,1
2024-01-27 00:00:00+00:00,1.00018586,1.00018586,1.00018586,1.00018586,1,chainlink,measured,1.8585999999998215,1
2024-01-28 00:00:00+00:00,1.00012976,1.00012976,1.00012976,1.00012976,1,chainlink,measured,1.397600000000443,1
2024-01-29 00:00:00+00:00,1.00016752,1.00016752,1.00016752,1.00016752,1,chainlink,measured,1.3752000000000209,1
2024-01-30 00:00:00+00:00,1.00012561,1.00012561,1.00012561,1.00012561,1,chainlink,measured,1.4561000000001822,1
2024-01-31 00:00:00+00:00,1.00009161,1.00009161,1.00009161,1.00009161,1,chainlink,measured,1.216099999998832,1
2024-02-01 00:00:00+00:00,1.00011456,1.00011456,1.00011456,1.00011456,1,chainlink,measured,1.345600000001168,1
2024-02-02 00:00:00+00:00,1.00019964,1.00019964,1.000191,1.000191,2,chainlink,measured,2.0100000000000673,1
2024-02-03 00:00:00+00:00,1.000169,1.000169,1.000169,1.000169,1,chainlink,measured,1.7900000000004024,1
2024-02-04 00:00:00+00:00,1.0002,1.0002,1.0002,1.0002,1,chainlink,measured,2.2999999999995246,1
2024-02-05 00:00:00+00:00,1.00017384,1.00017384,1.00017384,1.00017384,1,chainlink,measured,1.8383999999993517,1
2024-02-06 00:00:00+00:00,1.0001995,1.0001995,1.0001995,1.0001995,1,chainlink,measured,2.2949999999988258,1
2024-02-07 00:00:00+00:00,1.00013977,1.00013977,1.00013977,1.00013977,1,chainlink,measured,1.2977000000002903,1
2024-02-08 00:00:00+00:00,0.99994599,0.99994599,0.99994599,0.99994599,1,chainlink,measured,0.4401000000009425,1
2024-02-09 00:00:00+00:00,1.00004396,1.00004396,1.00004396,1.00004396,1,chainlink,measured,0.03959999999914032,1
2024-02-10 00:00:00+00:00,0.99997525,0.99997525,0.99997525,0.99997525,1,chainlink,measured,0.14750000000063324,1
2024-02-11 00:00:00+00:00,0.99992,0.99992,0.99992,0.99992,1,chainlink,measured,0.700000000000145,1
2024-02-12 00:00:00+00:00,0.99993875,0.99993875,0.99993875,0.99993875,1,chainlink,measured,0.6125000000001268,1
2024-02-13 00:00:00+00:00,1.000056,1.000056,1.000056,1.000056,1,chainlink,measured,0.660000000000105,1
2024-02-14 00:00:00+00:00,1.00006323,1.00006323,1.00006323,1.00006323,1,chainlink,measured,0.6323000000008072,1
2024-02-15 00:00:00+00:00,0.99980081,0.99980081,0.99980081,0.99980081,1,chainlink,measured,1.8919000000006125,1
2024-02-16 00:00:00+00:00,0.9999725,0.9999725,0.9999725,0.9999725,1,chainlink,measured,0.27499999999958114,1
2024-02-17 00:00:00+00:00,0.99996991,0.99996991,0.99996991,0.99996991,1,chainlink,measured,0.0009000000000813912,1
2024-02-18 00:00:00+00:00,0.99996996,0.99996996,0.99996996,0.99996996,1,chainlink,measured,0.3003999999995344,1
2024-02-19 00:00:00+00:00,0.99998495,0.99998495,0.99998495,0.99998495,1,chainlink,measured,0.050500000000619494,1
2024-02-20 00:00:00+00:00,1.0,1.0,1.0,1.0,1,chainlink,measured,0.0,1
2024-02-21 00:00:00+00:00,0.99997,0.99997,0.99997,0.99997,1,chainlink,measured,0.20000000000020002,1
2024-02-22 00:00:00+00:00,1.00001644,1.00001644,1.00001644,1.00001644,1,chainlink,measured,0.2643999999996094,1
2024-02-23 00:00:00+00:00,1.00003871,1.00003871,1.00003871,1.00003871,1,chainlink,measured,0.6871000000008287,1
2024-02-24 00:00:00+00:00,1.0000016,1.0000016,1.0000016,1.0000016,1,chainlink,measured,0.716000000000605,1
2024-02-25 00:00:00+00:00,1.0000561,1.0000561,1.0000561,1.0000561,1,chainlink,measured,1.2609999999990684,1
2024-02-26 00:00:00+00:00,0.99997215,0.99997215,0.99997215,0.99997215,1,chainlink,measured,0.27850000000051445,1
2024-02-27 00:00:00+00:00,0.99993183,0.99993183,0.99993183,0.99993183,1,chainlink,measured,0.6817000000003404,1
2024-02-28 00:00:00+00:00,1.00002284,1.00002284,1.00002284,1.00002284,1,chainlink,measured,0.42839999999988443,1
2024-02-29 00:00:00+00:00,0.999903,0.999903,0.999903,0.999903,1,chainlink,measured,0.9700000000001374,1
2024-03-01 00:00:00+00:00,0.9999692,0.9999692,0.9999692,0.9999692,1,chainlink,measured,0.008000000000230045,1
2024-03-02 00:00:00+00:00,0.999884,0.999884,0.999884,0.999884,1,chainlink,measured,0.45999999999990493,1
2024-03-03 00:00:00+00:00,0.99993955,0.99993955,0.99993955,0.99993955,1,chainlink,measured,0.6044999999998968,1
2024-03-04 00:00:00+00:00,0.99998693,0.99998693,0.99995992,0.99995992,2,chainlink,measured,0.5008000000006341,1
2024-03-05 00:00:00+00:00,0.99981935,0.99981935,0.99981935,0.99981935,1,chainlink,measured,1.8065000000000442,1
2024-03-06 00:00:00+00:00,0.9998814,0.9998814,0.9998814,0.9998814,1,chainlink,measured,1.1859999999996873,1
2024-03-07 00:00:00+00:00,1.00000188,1.00000188,1.00000188,1.00000188,1,chainlink,measured,0.11879999999853119,1
2024-03-08 00:00:00+00:00,0.99996764,0.99996764,0.99996764,0.99996764,1,chainlink,measured,0.12359999999933535,1
2024-03-09 00:00:00+00:00,0.99994783,0.99994783,0.99994783,0.99994783,1,chainlink,measured,0.22170000000043544,1
2024-03-10 00:00:00+00:00,0.99999241,0.99999241,0.99999241,0.99999241,1,chainlink,measured,0.07589999999946251,1
2024-03-11 00:00:00+00:00,0.99978997,0.99978997,0.99978997,0.99978997,1,chainlink,measured,2.200300000000377,1
2024-03-12 00:00:00+00:00,0.99985,0.99985,0.99985,0.99985,1,chainlink,measured,1.40000000000029,1
2024-03-13 00:00:00+00:00,0.99993347,0.99993347,0.99993347,0.99993347,1,chainlink,measured,1.0653000000004909,1
2024-03-14 00:00:00+00:00,0.99990983,0.99990983,0.99990983,0.99990983,1,chainlink,measured,0.9017000000000053,1
2024-03-15 00:00:00+00:00,0.99995,0.99995,0.99995,0.99995,1,chainlink,measured,0.40000000000040004,1
2024-03-16 00:00:00+00:00,0.99998204,0.99998204,0.99998204,0.99998204,1,chainlink,measured,0.27960000000049057,1
2024-03-17 00:00:00+00:00,0.99998006,0.99998006,0.99998006,0.99998006,1,chainlink,measured,0.10059999999922908,1
2024-03-18 00:00:00+00:00,0.99995919,0.99995919,0.99995,0.99995,2,chainlink,measured,0.6000000000006,1
2024-03-19 00:00:00+00:00,1.00000296,1.00000296,1.00000296,1.00000296,1,chainlink,measured,0.07040000000069213,1
2024-03-20 00:00:00+00:00,1.00009518,1.00009518,1.00009518,1.00009518,1,chainlink,measured,1.05179999999927,1
2024-03-21 00:00:00+00:00,1.00016765,1.00016765,1.00016765,1.00016765,1,chainlink,measured,1.6765000000007468,1
2024-03-22 00:00:00+00:00,0.99999382,0.99999382,0.99999382,0.99999382,1,chainlink,measured,0.061799999999667676,1
2024-03-23 00:00:00+00:00,1.00003654,1.00003654,1.00003654,1.00003654,1,chainlink,measured,0.46539999999928305,1
2024-03-24 00:00:00+00:00,1.00003998,1.00003998,1.00003998,1.00003998,1,chainlink,measured,0.3997999999993951,1
2024-03-25 00:00:00+00:00,1.00006242,1.00006242,1.00005782,1.00005782,2,chainlink,measured,0.6782000000005173,1
2024-03-26 00:00:00+00:00,1.00003989,1.00003989,1.00003989,1.00003989,1,chainlink,measured,0.4988999999999688,1
2024-03-27 00:00:00+00:00,1.00006709,1.00006709,1.00006709,1.00006709,1,chainlink,measured,0.5708999999987086,1
2024-03-28 00:00:00+00:00,1.00011988,1.00011988,1.00011988,1.00011988,1,chainlink,measured,1.4987999999993562,1
2024-03-29 00:00:00+00:00,1.00002013,1.00002013,1.00002013,1.00002013,1,chainlink,measured,0.09869999999967405,1
2024-03-30 00:00:00+00:00,0.99996505,0.99996505,0.99996505,0.99996505,1,chainlink,measured,0.7495000000001806,1
2024-03-31 00:00:00+00:00,0.999972,0.999972,0.999972,0.999972,1,chainlink,measured,0.01999999999946489,1
2024-04-01 00:00:00+00:00,1.00004188,1.00004188,1.00004188,1.00004188,1,chainlink,measured,0.6187999999995863,1
2024-04-02 00:00:00+00:00,0.9999534,0.9999534,0.9999534,0.9999534,1,chainlink,measured,0.36600000000053257,1
2024-04-03 00:00:00+00:00,0.99995746,0.99995746,0.99995746,0.99995746,1,chainlink,measured,1.1254000000004982,1
2024-04-04 00:00:00+00:00,0.99993157,0.99993157,0.99993157,0.99993157,1,chainlink,measured,0.6843000000000821,1
2024-04-05 00:00:00+00:00,0.99990674,0.99990674,0.99990674,0.99990674,1,chainlink,measured,0.9325999999998391,1
2024-04-06 00:00:00+00:00,1.00000025,1.00000025,1.00000025,1.00000025,1,chainlink,measured,0.10249999999989434,1
2024-04-07 00:00:00+00:00,1.00000578,1.00000578,1.00000578,1.00000578,1,chainlink,measured,0.057799999999552654,1
2024-04-08 00:00:00+00:00,1.0000412,1.0000412,1.0000412,1.0000412,1,chainlink,measured,0.71200000000049,1
2024-04-09 00:00:00+00:00,0.999952,0.999952,0.999952,0.999952,1,chainlink,measured,0.38000000000093515,1
2024-04-10 00:00:00+00:00,1.00007434,1.00007434,1.00007434,1.00007434,1,chainlink,measured,0.7434000000006158,1
2024-04-11 00:00:00+00:00,1.0000208,1.0000208,1.0000208,1.0000208,1,chainlink,measured,0.30799999999886474,1
2024-04-12 00:00:00+00:00,0.99999449,0.99999449,0.99999449,0.99999449,1,chainlink,measured,0.15510000000107382,1
2024-04-13 00:00:00+00:00,1.00000215,1.00000215,1.00000215,1.00000215,1,chainlink,measured,1.0785000000002043,1
2024-04-14 00:00:00+00:00,1.00000974,1.00000974,1.00000974,1.00000974,1,chainlink,measured,0.39740000000065834,1
2024-04-15 00:00:00+00:00,1.00005718,1.00005718,1.00005718,1.00005718,1,chainlink,measured,0.47179999999924505,1
2024-04-16 00:00:00+00:00,1.00007078,1.00007078,1.00007078,1.00007078,1,chainlink,measured,0.40779999999962513,1
2024-04-17 00:00:00+00:00,1.0000454,1.0000454,1.0000454,1.0000454,1,chainlink,measured,0.05400000000044258,1
2024-04-18 00:00:00+00:00,0.99999587,0.99999587,0.99999587,0.99999587,1,chainlink,measured,0.34129999999965577,1
2024-04-19 00:00:00+00:00,0.99999984,0.99999984,0.99999984,0.99999984,1,chainlink,measured,0.0016000000002680537,1
2024-04-20 00:00:00+00:00,1.0000342,1.0000342,1.0000342,1.0000342,1,chainlink,measured,0.058000000000557606,1
2024-04-21 00:00:00+00:00,1.00003344,1.00003344,1.00003344,1.00003344,1,chainlink,measured,0.43439999999894674,1
2024-04-22 00:00:00+00:00,0.999995,0.999995,0.999995,0.999995,1,chainlink,measured,0.04999999999921734,1
2024-04-23 00:00:00+00:00,0.99999837,0.99999837,0.99999837,0.99999837,1,chainlink,measured,0.4163000000001471,1
2024-04-24 00:00:00+00:00,0.99991383,0.99994098,0.99991383,0.99994098,3,chainlink,measured,0.5902000000002072,1
2024-04-25 00:00:00+00:00,1.00007445,1.00007445,1.00007445,1.00007445,1,chainlink,measured,0.8445000000001368,1
2024-04-26 00:00:00+00:00,1.00002544,1.00002544,1.00002544,1.00002544,1,chainlink,measured,0.5543999999990668,1
2024-04-27 00:00:00+00:00,0.9999741,0.9999741,0.9999741,0.9999741,1,chainlink,measured,0.25900000000023127,1
2024-04-28 00:00:00+00:00,1.00002111,1.0000529,1.00002111,1.0000529,2,chainlink,measured,0.6289999999997686,1
2024-04-29 00:00:00+00:00,0.999999,0.999999,0.999999,0.999999,1,chainlink,measured,0.010000000000287557,1
2024-04-30 00:00:00+00:00,0.99999942,0.99999942,0.99999942,0.99999942,1,chainlink,measured,0.09419999999926709,1
2024-05-01 00:00:00+00:00,1.00000618,1.00000618,1.00000618,1.00000618,1,chainlink,measured,0.061799999999667676,1
2024-05-02 00:00:00+00:00,1.00003214,1.00003214,1.00003214,1.00003214,1,chainlink,measured,0.22140000000003823,1
2024-05-03 00:00:00+00:00,0.99996723,0.99996723,0.99996723,0.99996723,1,chainlink,measured,0.12769999999995285,1
2024-05-04 00:00:00+00:00,1.00005,1.00005,1.00005,1.00005,1,chainlink,measured,0.5000000000010552,1
2024-05-05 00:00:00+00:00,1.00003143,1.00003143,1.00003143,1.00003143,1,chainlink,measured,0.4142999999989794,1
2024-05-06 00:00:00+00:00,1.00000826,1.00000826,1.00000826,1.00000826,1,chainlink,measured,0.0825999999998217,1
2024-05-07 00:00:00+00:00,1.00003652,1.00003652,1.00003652,1.00003652,1,chainlink,measured,0.46520000000049855,1
2024-05-08 00:00:00+00:00,0.99991894,0.99991894,0.99991894,0.99991894,1,chainlink,measured,0.7106000000001167,1
2024-05-09 00:00:00+00:00,0.99991897,0.99991897,0.99991897,0.99991897,1,chainlink,measured,0.7103000000008297,1
2024-05-10 00:00:00+00:00,1.00003328,1.00003328,1.00003328,1.00003328,1,chainlink,measured,0.4327999999997889,1
2024-05-11 00:00:00+00:00,1.00002952,1.00002952,1.00002952,1.00002952,1,chainlink,measured,0.5951999999997959,1
2024-05-12 00:00:00+00:00,1.00000432,1.00000432,1.00000432,1.00000432,1,chainlink,measured,0.2431999999996659,1
2024-05-13 00:00:00+00:00,1.00003782,1.00003782,1.00003782,1.00003782,1,chainlink,measured,0.37819999999966214,1
2024-05-14 00:00:00+00:00,1.00001975,1.00001975,1.00001975,1.00001975,1,chainlink,measured,0.4975000000007057,1
2024-05-15 00:00:00+00:00,1.00002,1.00002,1.00002,1.00002,1,chainlink,measured,0.1999999999990898,1
2024-05-16 00:00:00+00:00,0.99995,0.99995,0.99995,0.99995,1,chainlink,measured,0.40000000000040004,1
2024-05-17 00:00:00+00:00,0.99994381,0.99994381,0.99994381,0.99994381,1,chainlink,measured,1.26190000000026,1
2024-05-18 00:00:00+00:00,1.00001475,1.00001475,1.00001475,1.00001475,1,chainlink,measured,0.44750000000037815,1
2024-05-19 00:00:00+00:00,0.99997213,0.99997213,0.99997213,0.99997213,1,chainlink,measured,0.2787000000004092,1
2024-05-20 00:00:00+00:00,0.99995,0.99995,0.99995,0.99995,1,chainlink,measured,0.6000000000006,1
2024-05-21 00:00:00+00:00,0.99995,0.99995,0.99995,0.99995,1,chainlink,measured,0.900000000000345,1
2024-05-22 00:00:00+00:00,0.99995054,0.99995054,0.99995054,0.99995054,1,chainlink,measured,0.7945999999992015,1
2024-05-23 00:00:00+00:00,0.999992,0.999992,0.999992,0.999992,1,chainlink,measured,0.01999999999946489,1
2024-05-24 00:00:00+00:00,0.9999982,0.9999982,0.9999982,0.9999982,1,chainlink,measured,0.3180000000002625,1
2024-05-25 00:00:00+00:00,0.99995,0.99995,0.99995,0.99995,1,chainlink,measured,0.6000000000006,1
2024-05-26 00:00:00+00:00,0.99995898,0.99995898,0.99995898,0.99995898,1,chainlink,measured,0.3101999999999272,1
2024-05-27 00:00:00+00:00,0.99999585,0.99999585,0.99999585,0.99999585,1,chainlink,measured,0.04149999999980558,1
2024-05-28 00:00:00+00:00,1.00000004,1.00000004,1.00000004,1.00000004,1,chainlink,measured,0.29959999999995546,1
2024-05-29 00:00:00+00:00,0.99993864,0.99993864,0.99993864,0.99993864,1,chainlink,measured,0.41359999999990293,1
2024-05-30 00:00:00+00:00,1.00005061,1.00005061,1.00005061,1.00005061,1,chainlink,measured,0.8060999999992546,1
2024-05-31 00:00:00+00:00,0.99998055,0.99998055,0.99998055,0.99998055,1,chainlink,measured,0.49450000000006433,1
2024-06-01 00:00:00+00:00,1.00005,1.00005,1.00005,1.00005,1,chainlink,measured,0.7000000000012552,1
2024-06-02 00:00:00+00:00,0.99999005,0.99999005,0.99999005,0.99999005,1,chainlink,measured,0.0004999999991817106,1
2024-06-03 00:00:00+00:00,0.99997111,0.99997111,0.99997111,0.99997111,1,chainlink,measured,0.28889999999948124,1
2024-06-04 00:00:00+00:00,0.99995,0.99995,0.99995,0.99995,1,chainlink,measured,0.0,1
2024-06-05 00:00:00+00:00,0.9999464,0.9999464,0.9999464,0.9999464,1,chainlink,measured,0.436000000000325,1
2024-06-06 00:00:00+00:00,0.99992825,0.99992825,0.99992825,0.99992825,1,chainlink,measured,0.6175000000008257,1
2024-06-07 00:00:00+00:00,0.99992453,0.99992453,0.99992453,0.99992453,1,chainlink,measured,0.8547000000003191,1
2024-06-08 00:00:00+00:00,1.00003166,1.00003166,1.00003166,1.00003166,1,chainlink,measured,0.8166000000009443,1
2024-06-09 00:00:00+00:00,0.99998462,0.99998462,0.99998462,0.99998462,1,chainlink,measured,0.053800000000547854,1
2024-06-10 00:00:00+00:00,0.99989216,0.99989216,0.99989216,0.99989216,1,chainlink,measured,1.0783999999997018,1
2024-06-11 00:00:00+00:00,0.99992477,0.99992477,0.99992477,0.99992477,1,chainlink,measured,0.35229999999941697,1
2024-06-12 00:00:00+00:00,0.99999959,0.99999959,0.99999959,0.99999959,1,chainlink,measured,0.5958999999999826,1
2024-06-13 00:00:00+00:00,0.99995604,0.99995604,0.99995604,0.99995604,1,chainlink,measured,0.060400000000404575,1
2024-06-14 00:00:00+00:00,0.99990171,0.99990171,0.99990171,0.99990171,1,chainlink,measured,0.6828999999997087,1
2024-06-15 00:00:00+00:00,0.99996509,0.99996509,0.99996509,0.99996509,1,chainlink,measured,0.3490999999999911,1
2024-06-16 00:00:00+00:00,1.00004224,1.00004224,1.00004224,1.00004224,1,chainlink,measured,0.4223999999997119,1
2024-06-17 00:00:00+00:00,0.9999815,0.9999815,0.9999815,0.9999815,1,chainlink,measured,0.2850000000009789,1
2024-06-18 00:00:00+00:00,1.00003217,1.00003217,1.00003217,1.00003217,1,chainlink,measured,0.7217000000014906,1
2024-06-19 00:00:00+00:00,0.99995,0.99995,0.99994337,0.99994337,2,chainlink,measured,0.46630000000047467,1
2024-06-20 00:00:00+00:00,1.00000424,1.00000424,1.00000424,1.00000424,1,chainlink,measured,0.6423999999993768,1
2024-06-21 00:00:00+00:00,0.99997232,0.99997232,0.99997232,0.99997232,1,chainlink,measured,0.2767999999997439,1
2024-06-22 00:00:00+00:00,1.0000111,1.0000111,1.0000111,1.0000111,1,chainlink,measured,0.21099999999996122,1
2024-06-23 00:00:00+00:00,1.00005967,1.00005967,1.00005967,1.00005967,1,chainlink,measured,0.6966999999991064,1
2024-06-24 00:00:00+00:00,0.99995,0.99995,0.99995,0.99995,1,chainlink,measured,0.49999999999994493,1
2024-06-25 00:00:00+00:00,0.99986978,0.99986978,0.99986978,0.99986978,1,chainlink,measured,1.302199999999587,1
2024-06-26 00:00:00+00:00,0.99977511,0.99977511,0.99977511,0.99977511,1,chainlink,measured,1.3488999999999862,1
2024-06-27 00:00:00+00:00,0.99976646,0.99976646,0.99976646,0.99976646,1,chainlink,measured,0.035400000000240794,1
2024-06-28 00:00:00+00:00,0.99986978,0.99986978,0.99985332,0.99985332,2,chainlink,measured,0.4667999999996564,1
2024-06-29 00:00:00+00:00,0.99987027,0.99988946,0.99987027,0.99988946,2,chainlink,measured,0.09460000000016677,1
2024-06-30 00:00:00+00:00,0.99987757,0.99987757,0.99987724,0.99987724,2,chainlink,measured,0.2276000000001055,1
2024-07-01 00:00:00+00:00,0.99988853,0.99990557,0.99988853,0.99990557,2,chainlink,measured,0.05570000000010289,1
2024-07-02 00:00:00+00:00,0.9998821,0.9998821,0.99987728,0.99987728,2,chainlink,measured,0.927200000000461,1
2024-07-03 00:00:00+00:00,0.99995,0.99995,0.99993795,0.99993795,2,chainlink,measured,0.17949999999933297,1
2024-07-04 00:00:00+00:00,0.99989382,0.99995948,0.99989382,0.99995948,2,chainlink,measured,0.40519999999988343,1
2024-07-05 00:00:00+00:00,0.99995,0.99995,0.99985,0.99985,2,chainlink,measured,1.40000000000029,1
2024-07-06 00:00:00+00:00,1.00000805,1.00000805,1.0,1.0,2,chainlink,measured,0.0,1
2024-07-07 00:00:00+00:00,0.99998133,0.99998133,0.99997444,0.99997444,2,chainlink,measured,0.15560000000025553,1
2024-07-08 00:00:00+00:00,0.99991963,0.99999257,0.99991963,0.99999257,2,chainlink,measured,0.02569999999924022,1
2024-07-09 00:00:00+00:00,1.000072,1.000072,0.99995816,0.99995816,2,chainlink,measured,0.318400000000052,1
2024-07-10 00:00:00+00:00,0.99999502,0.99999502,0.99999083,0.99999083,2,chainlink,measured,0.30830000000037217,1
2024-07-11 00:00:00+00:00,1.00012136,1.00012136,1.0,1.0,2,chainlink,measured,0.7999999999996898,1
2024-07-12 00:00:00+00:00,1.00004934,1.00004934,0.99992999,0.99992999,2,chainlink,measured,0.7000999999995372,1
2024-07-13 00:00:00+00:00,1.00011601,1.00011601,1.0000176,1.0000176,2,chainlink,measured,0.7760000000001099,1
2024-07-14 00:00:00+00:00,1.00005,1.00005,1.00005,1.00005,2,chainlink,measured,0.5000000000010552,1
2024-07-15 00:00:00+00:00,0.99998975,0.99998975,0.99996915,0.99996915,2,chainlink,measured,0.208500000000722,1
2024-07-16 00:00:00+00:00,0.99990623,0.99992734,0.99990623,0.99992734,2,chainlink,measured,0.7265999999994666,1
2024-07-17 00:00:00+00:00,0.99998975,0.99998975,0.99995451,0.99995451,2,chainlink,measured,0.3549000000002689,1
2024-07-18 00:00:00+00:00,0.99999999,1.00001998,0.99999999,1.00001998,2,chainlink,measured,0.1998000000003053,1
2024-07-19 00:00:00+00:00,1.0,1.0,0.99998918,0.99998918,2,chainlink,measured,0.008200000000124774,1
2024-07-20 00:00:00+00:00,1.00001,1.00001,0.99996751,0.99996751,2,chainlink,measured,0.32490000000051644,1
2024-07-21 00:00:00+00:00,0.99997017,0.99998496,0.99997017,0.99998496,2,chainlink,measured,0.15039999999966192,1
2024-07-22 00:00:00+00:00,0.99989812,1.0000462,0.99989812,1.0000462,2,chainlink,measured,0.46200000000107266,1
2024-07-23 00:00:00+00:00,0.99992735,0.99997275,0.99992735,0.99997275,2,chainlink,measured,0.3274999999991479,1
2024-07-24 00:00:00+00:00,0.99994244,0.99995254,0.99994244,0.99995254,2,chainlink,measured,0.4254000000003533,1
2024-07-25 00:00:00+00:00,0.99992812,0.99992812,0.99988833,0.99988833,2,chainlink,measured,1.0167000000005366,1
2024-07-26 00:00:00+00:00,0.99995538,0.99997562,0.99995538,0.99997562,2,chainlink,measured,0.34380000000111544,1
2024-07-27 00:00:00+00:00,0.99997813,1.00003208,0.99997813,1.00003208,2,chainlink,measured,0.42079999999944384,1
2024-07-28 00:00:00+00:00,0.9999572,0.99998,0.9999572,0.99998,2,chainlink,measured,0.700000000000145,1
2024-07-29 00:00:00+00:00,1.00000249,1.00000249,0.99992307,0.99992307,2,chainlink,measured,0.5692999999995507,1
2024-07-30 00:00:00+00:00,1.00000148,1.00000148,0.99994127,0.99994127,2,chainlink,measured,0.41269999999982154,1
2024-07-31 00:00:00+00:00,0.99998995,0.99998995,0.9999029,0.9999029,2,chainlink,measured,0.0709999999992661,1
2024-08-01 00:00:00+00:00,0.99997164,0.99997194,0.99997164,0.99997194,2,chainlink,measured,0.7193999999999257,1
2024-08-02 00:00:00+00:00,0.99996617,0.99998935,0.99996617,0.99998935,3,chainlink,measured,0.006500000000464468,1
2024-08-03 00:00:00+00:00,0.999961,1.00003589,0.999961,1.00003589,2,chainlink,measured,1.4588999999998187,1
2024-08-04 00:00:00+00:00,0.99996534,0.99996534,0.999928,0.999928,2,chainlink,measured,0.38000000000093515,1
2024-08-05 00:00:00+00:00,1.00004519,1.00004519,1.0000236,1.0000236,2,chainlink,measured,1.2360000000000149,1
2024-08-06 00:00:00+00:00,1.00003226,1.00004947,1.00003226,1.00004947,2,chainlink,measured,1.394700000000304,1
2024-08-07 00:00:00+00:00,1.00007388,1.00007388,0.99999281,0.99999281,2,chainlink,measured,1.428099999999377,1
2024-08-08 00:00:00+00:00,0.99991694,0.99994992,0.99991694,0.99994992,2,chainlink,measured,0.10079999999912381,1
2024-08-09 00:00:00+00:00,0.99995,0.99995,0.99995,0.99995,2,chainlink,measured,0.20000000000020002,1
2024-08-10 00:00:00+00:00,0.99998991,0.99998991,0.99994308,0.99994308,2,chainlink,measured,0.8308000000001314,1
2024-08-11 00:00:00+00:00,1.00001,1.00001,0.99999404,0.99999404,2,chainlink,measured,0.5403999999997744,1
2024-08-12 00:00:00+00:00,0.99991997,0.9999436,0.99991997,0.9999436,2,chainlink,measured,0.36399999999936483,1
2024-08-13 00:00:00+00:00,0.9999288,0.9999288,0.99992697,0.99992697,2,chainlink,measured,0.6303000000007497,1
2024-08-14 00:00:00+00:00,0.99997,0.99997,0.99995,0.99995,2,chainlink,measured,0.6000000000006,1
2024-08-15 00:00:00+00:00,1.00004658,1.00004658,0.99998867,0.99998867,2,chainlink,measured,0.013300000000215917,1
2024-08-16 00:00:00+00:00,0.99998381,0.99998381,0.99995999,0.99995999,2,chainlink,measured,0.19989999999969754,1
2024-08-17 00:00:00+00:00,0.99995677,0.99995677,0.99988998,0.99988998,2,chainlink,measured,0.40020000000029476,1
2024-08-18 00:00:00+00:00,0.99994398,0.99997131,0.99994398,0.99997131,2,chainlink,measured,0.7130999999993559,1
2024-08-19 00:00:00+00:00,0.99989966,0.99998,0.99989966,0.99998,2,chainlink,measured,0.3999999999992898,1
2024-08-20 00:00:00+00:00,0.99994896,0.99994896,0.99989196,0.99989196,2,chainlink,measured,0.2804000000000695,1
2024-08-21 00:00:00+00:00,0.99998,0.99998,0.9999206,0.9999206,2,chainlink,measured,0.6060000000007726,1
2024-08-22 00:00:00+00:00,0.99990174,0.99990174,0.99986,0.99986,2,chainlink,measured,0.0,1
2024-08-23 00:00:00+00:00,0.99998526,0.99998526,0.9999,0.9999,2,chainlink,measured,0.0,1
2024-08-24 00:00:00+00:00,0.99992,0.99992,0.99989491,0.99989491,2,chainlink,measured,0.849099999999936,1
2024-08-25 00:00:00+00:00,0.99989175,0.99994094,0.99989175,0.99994094,2,chainlink,measured,0.009399999999493147,1
2024-08-26 00:00:00+00:00,0.99992236,0.9999588,0.99992236,0.9999588,2,chainlink,measured,0.18799999999985495,1
2024-08-27 00:00:00+00:00,0.99988671,0.99988671,0.99984714,0.99984714,2,chainlink,measured,0.7286000000006343,1
2024-08-28 00:00:00+00:00,1.00000946,1.00000946,0.99992266,0.99992266,2,chainlink,measured,1.0265999999992115,1
2024-08-29 00:00:00+00:00,0.99991934,0.99995,0.99991934,0.99995,2,chainlink,measured,0.40000000000040004,1
2024-08-30 00:00:00+00:00,0.99993272,0.99993272,0.9999,0.9999,2,chainlink,measured,0.10000000000065512,1
2024-08-31 00:00:00+00:00,0.99997,0.99997,0.99996099,0.99996099,2,chainlink,measured,1.10990000000033,1
2024-09-01 00:00:00+00:00,0.99996,0.99996,0.99993823,0.99993823,2,chainlink,measured,0.08230000000053472,1
2024-09-02 00:00:00+00:00,0.99995,0.99995,0.99992037,0.99992037,2,chainlink,measured,0.09629999999982708,1
2024-09-03 00:00:00+00:00,0.99993579,0.99993579,0.99991243,0.99991243,2,chainlink,measured,0.4756999999999678,1
2024-09-04 00:00:00+00:00,0.99996,0.99996501,0.99996,0.99996501,2,chainlink,measured,0.14989999999936998,1
2024-09-05 00:00:00+00:00,0.99992999,1.00000999,0.99992999,1.00000999,2,chainlink,measured,0.8998999999987323,1
2024-09-06 00:00:00+00:00,1.00000219,1.00000219,0.9999464,0.9999464,2,chainlink,measured,0.436000000000325,1
2024-09-07 00:00:00+00:00,0.99998801,0.99998801,0.9999632,0.9999632,2,chainlink,measured,0.26799999999993496,1
2024-09-08 00:00:00+00:00,1.00004504,1.00004504,0.99996999,0.99996999,2,chainlink,measured,0.10010000000004737,1
2024-09-09 00:00:00+00:00,1.00001619,1.00001619,0.99996,0.99996,2,chainlink,measured,1.2000000000000899,1
2024-09-10 00:00:00+00:00,0.99995443,0.99995443,0.99993257,0.99993257,2,chainlink,measured,0.6256999999998403,1
2024-09-11 00:00:00+00:00,0.99989435,0.99989435,0.99989435,0.99989435,1,chainlink,measured,0.6564999999991716,1
2024-09-12 00:00:00+00:00,0.99993421,0.99993421,0.99993421,0.99993421,1,chainlink,measured,0.8421000000002898,1
2024-09-13 00:00:00+00:00,0.99995,0.99995,0.99995,0.99995,1,chainlink,measured,0.20000000000020002,1
2024-09-14 00:00:00+00:00,0.99990216,0.99990216,0.99990216,0.99990216,1,chainlink,measured,0.021599999999732944,2
2024-09-15 00:00:00+00:00,0.99989,0.99989,0.99989,0.99989,1,chainlink,measured,1.100000000000545,2
2024-09-16 00:00:00+00:00,0.99992294,0.99992294,0.99992294,0.99992294,1,chainlink,measured,0.22940000000026828,2
2024-09-17 00:00:00+00:00,1.00000022,1.00000022,1.00000022,1.00000022,1,chainlink,measured,1.002199999999842,2
2024-09-18 00:00:00+00:00,0.99993242,0.99993242,0.99993242,0.99993242,1,chainlink,measured,1.3242000000002196,2
2024-09-19 00:00:00+00:00,0.99994992,0.99994992,0.99994992,0.99994992,1,chainlink,measured,0.499200000000366,2
2024-09-20 00:00:00+00:00,0.99995,0.99995,0.99995,0.99995,1,chainlink,measured,0.49999999999994493,2
2024-09-21 00:00:00+00:00,0.9999882,0.9999882,0.9999882,0.9999882,1,chainlink,measured,1.1179999999999524,2
2024-09-22 00:00:00+00:00,1.00001,1.00001,1.00001,1.00001,1,chainlink,measured,1.100000000000545,2
2024-09-23 00:00:00+00:00,1.0,1.0,1.0,1.0,1,chainlink,measured,0.9999999999998899,2
2024-09-24 00:00:00+00:00,0.99996601,0.99996601,0.99996601,0.99996601,1,chainlink,measured,0.6600999999994972,2
2024-09-25 00:00:00+00:00,0.99996,0.99996,0.99996,0.99996,1,chainlink,measured,0.5999999999994898,2
2024-09-26 00:00:00+00:00,0.99990034,0.99990034,0.99990034,0.99990034,1,chainlink,measured,0.19659999999976918,2
2024-09-27 00:00:00+00:00,0.99993999,0.99993999,0.99993999,0.99993999,1,chainlink,measured,0.7999000000002976,2
2024-09-28 00:00:00+00:00,0.99993997,0.99993997,0.99993997,0.99993997,1,chainlink,measured,0.600299999999887,2
2024-09-29 00:00:00+00:00,0.99994069,0.99994069,0.99994069,0.99994069,1,chainlink,measured,0.9068999999994887,2
2024-09-30 00:00:00+00:00,0.99992955,0.99992955,0.99992955,0.99992955,1,chainlink,measured,0.7954999999992829,2
2024-10-01 00:00:00+00:00,0.99989332,0.99989332,0.99989332,0.99989332,1,chainlink,measured,1.0668000000002564,2
2024-10-02 00:00:00+00:00,0.99995995,0.99995995,0.99995995,0.99995995,1,chainlink,measured,0.40049999999958175,2
2024-10-03 00:00:00+00:00,0.99994057,0.99994057,0.99994057,0.99994057,1,chainlink,measured,0.5942999999997145,2
2024-10-04 00:00:00+00:00,0.99997689,0.99997689,0.99997689,0.99997689,1,chainlink,measured,1.2688999999999062,2
2024-10-05 00:00:00+00:00,0.99996,0.99996,0.99996,0.99996,1,chainlink,measured,0.40000000000040004,2
2024-10-06 00:00:00+00:00,0.99999486,0.99999486,0.99999486,0.99999486,1,chainlink,measured,0.9486000000002992,2
2024-10-07 00:00:00+00:00,0.99993,0.99993,0.99993,0.99993,1,chainlink,measured,0.7999999999996898,2
2024-10-08 00:00:00+00:00,0.9999,0.9999,0.9999,0.9999,1,chainlink,measured,0.49999999999994493,2
2024-10-09 00:00:00+00:00,0.99987513,0.99987513,0.99987513,0.99987513,1,chainlink,measured,0.7512999999992331,2
2024-10-10 00:00:00+00:00,0.99995864,0.99995864,0.99995864,0.99995864,1,chainlink,measured,1.2864000000001319,2
2024-10-11 00:00:00+00:00,0.99993861,0.99993861,0.99993861,0.99993861,1,chainlink,measured,1.3860999999992796,2
2024-10-12 00:00:00+00:00,0.99991892,0.99991892,0.99991892,0.99991892,1,chainlink,measured,0.18920000000033355,2
2024-10-13 00:00:00+00:00,0.99984882,0.99984882,0.99984882,0.99984882,1,chainlink,measured,0.8118000000001402,2
2024-10-14 00:00:00+00:00,0.99980648,0.99980648,0.99980648,0.99980648,1,chainlink,measured,1.064800000000199,2
2024-10-15 00:00:00+00:00,0.9998997,0.9998997,0.9998997,0.9998997,1,chainlink,measured,0.9969999999992485,2
2024-10-16 00:00:00+00:00,0.99996,0.99996,0.99996,0.99996,1,chainlink,measured,0.5999999999994898,2
2024-10-17 00:00:00+00:00,0.99989744,0.99989744,0.99989744,0.99989744,1,chainlink,measured,0.9744000000000419,2
2024-10-18 00:00:00+00:00,0.99986987,0.99986987,0.99986987,0.99986987,1,chainlink,measured,0.5012999999998158,2
2024-10-19 00:00:00+00:00,0.99985826,0.99985826,0.99985826,0.99985826,1,chainlink,measured,0.5825999999997666,2
2024-10-20 00:00:00+00:00,0.99985913,0.99985913,0.99985913,0.99985913,1,chainlink,measured,0.4086999999997065,2
2024-10-21 00:00:00+00:00,0.99985878,0.99985878,0.99985878,0.99985878,1,chainlink,measured,0.58779999999925,2
2024-10-22 00:00:00+00:00,0.99979023,0.99979023,0.99979023,0.99979023,1,chainlink,measured,0.0977000000002004,2
2024-10-23 00:00:00+00:00,0.99986164,0.99986164,0.99986164,0.99986164,1,chainlink,measured,0.6163999999997394,2
2024-10-24 00:00:00+00:00,0.99983622,0.99983622,0.99983622,0.99983622,1,chainlink,measured,1.5622000000004022,2
2024-10-25 00:00:00+00:00,0.99979581,0.99979581,0.99979581,0.99979581,1,chainlink,measured,1.34190000000034,2
2024-10-26 00:00:00+00:00,0.99988362,0.99988362,0.99988362,0.99988362,1,chainlink,measured,0.9362000000001647,2
2024-10-27 00:00:00+00:00,0.99984838,0.99984838,0.99984838,0.99984838,1,chainlink,measured,0.6837999999997901,2
2024-10-28 00:00:00+00:00,0.99987994,0.99987994,0.99987994,0.99987994,1,chainlink,measured,0.2005999999998842,2
2024-10-29 00:00:00+00:00,0.99985642,0.99985642,0.99985642,0.99985642,1,chainlink,measured,2.5641999999992393,2
2024-10-30 00:00:00+00:00,0.99983712,0.99983712,0.99983712,0.99983712,1,chainlink,measured,0.6287999999998739,2
2024-10-31 00:00:00+00:00,0.99991988,0.99991988,0.99991988,0.99991988,1,chainlink,measured,0.5012000000004235,2
2024-11-01 00:00:00+00:00,0.99994948,0.99994948,0.99994948,0.99994948,1,chainlink,measured,1.4947999999992412,2
2024-11-02 00:00:00+00:00,0.99999375,0.99999375,0.99999375,0.99999375,1,chainlink,measured,1.0624999999997442,2
2024-11-03 00:00:00+00:00,0.99997727,0.99997727,0.99997727,0.99997727,1,chainlink,measured,1.3727000000007816,2
2024-11-04 00:00:00+00:00,0.99992748,0.99992748,0.99992748,0.99992748,1,chainlink,measured,0.7252000000002035,2
2024-11-05 00:00:00+00:00,1.00002381,1.00002381,1.00002381,1.00002381,1,chainlink,measured,1.5381000000003198,2
2024-11-06 00:00:00+00:00,0.99996,1.00000079,0.99996,1.00000079,2,chainlink,measured,1.0079000000007277,2
2024-11-07 00:00:00+00:00,0.99993075,0.99993075,0.99993075,0.99993075,1,chainlink,measured,2.5074999999996628,2
2024-11-08 00:00:00+00:00,0.99995992,0.99995992,0.99995992,0.99995992,1,chainlink,measured,1.5991999999998008,2
2024-11-09 00:00:00+00:00,0.99985125,0.99985125,0.99985125,0.99985125,1,chainlink,measured,1.487500000000308,2
2024-11-10 00:00:00+00:00,0.99987132,0.99987132,0.99987132,0.99987132,1,chainlink,measured,1.2867999999999213,2
2024-11-11 00:00:00+00:00,0.99994,0.99994,0.99994,0.99994,1,chainlink,measured,0.700000000000145,2
2024-11-12 00:00:00+00:00,0.99977565,0.99977565,0.99977565,0.99977565,1,chainlink,measured,2.143500000000298,2
2024-11-13 00:00:00+00:00,0.99995816,0.99995816,0.99995816,0.99995816,1,chainlink,measured,0.41839999999959687,2
2024-11-14 00:00:00+00:00,0.99988,0.99988,0.99988,0.99988,1,chainlink,measured,1.100000000000545,2
2024-11-15 00:00:00+00:00,0.99994597,0.99994597,0.99994597,0.99994597,1,chainlink,measured,0.5403000000003821,2
2024-11-16 00:00:00+00:00,0.99989032,0.99989032,0.99989032,0.99989032,1,chainlink,measured,1.196800000000664,2
2024-11-17 00:00:00+00:00,0.99992931,0.99992931,0.99992931,0.99992931,1,chainlink,measured,0.7069000000003989,2
2024-11-18 00:00:00+00:00,0.99994,0.99994,0.99994,0.99994,1,chainlink,measured,0.40000000000040004,2
2024-11-19 00:00:00+00:00,0.99994013,0.99994013,0.99994013,0.99994013,1,chainlink,measured,0.6987000000002741,2
2024-11-20 00:00:00+00:00,0.99994982,0.99994982,0.99994982,0.99994982,1,chainlink,measured,1.9018000000003976,2
2024-11-21 00:00:00+00:00,0.99994449,0.99994449,0.99994449,0.99994449,1,chainlink,measured,0.45510000000081874,2
2024-11-22 00:00:00+00:00,0.99989074,0.99989074,0.99989074,0.99989074,1,chainlink,measured,3.192600000000434,2
2024-11-23 00:00:00+00:00,0.99995524,0.99995524,0.99995524,0.99995524,1,chainlink,measured,0.4475999999997704,2
2024-11-24 00:00:00+00:00,0.99982514,0.99982514,0.99982514,0.99982514,1,chainlink,measured,1.748599999999989,2
2024-11-25 00:00:00+00:00,0.99995,0.99995,0.99995,0.99995,1,chainlink,measured,2.4999999999997247,2
2024-11-26 00:00:00+00:00,0.99994,0.99994,0.99994,0.99994,1,chainlink,measured,0.5999999999994898,2
2024-11-27 00:00:00+00:00,0.99999026,0.99999026,0.99999026,0.99999026,1,chainlink,measured,0.0973999999998032,2
2024-11-28 00:00:00+00:00,0.99988565,0.99988565,0.99988565,0.99988565,1,chainlink,measured,1.743499999999898,2
2024-11-29 00:00:00+00:00,0.99992925,0.99992925,0.99992925,0.99992925,1,chainlink,measured,2.007499999999718,2
2024-11-30 00:00:00+00:00,0.99995578,0.99995578,0.99995578,0.99995578,1,chainlink,measured,1.042199999999882,2
2024-12-01 00:00:00+00:00,0.99995417,0.99995417,0.99995417,0.99995417,1,chainlink,measured,0.5416999999996452,2
2024-12-02 00:00:00+00:00,0.99997458,0.99997458,0.99997458,0.99997458,1,chainlink,measured,0.7457999999993525,2
2024-12-03 00:00:00+00:00,0.99993311,0.99993311,0.99993311,0.99993311,1,chainlink,measured,0.6689000000004164,2
2024-12-04 00:00:00+00:00,0.99986046,0.99986046,0.99986046,0.99986046,1,chainlink,measured,1.3954000000004907,2
2024-12-05 00:00:00+00:00,0.99994151,0.99994151,0.99994151,0.99994151,1,chainlink,measured,0.5849000000002214,2
2024-12-06 00:00:00+00:00,0.99981848,0.99981848,0.99981848,0.99981848,1,chainlink,measured,0.8847999999994638,2
2024-12-07 00:00:00+00:00,0.99984942,0.99984942,0.99984942,0.99984942,1,chainlink,measured,1.5058000000001126,2
2024-12-08 00:00:00+00:00,0.99983358,0.99983358,0.99983358,0.99983358,1,chainlink,measured,1.6642000000000046,2
2024-12-09 00:00:00+00:00,0.99992022,0.99992022,0.99992022,0.99992022,1,chainlink,measured,0.20220000000015226,2
2024-12-10 00:00:00+00:00,0.99993535,0.99993535,0.99993535,0.99993535,1,chainlink,measured,0.35349999999989556,2
2024-12-11 00:00:00+00:00,0.99992075,0.99992075,0.99992075,0.99992075,1,chainlink,measured,0.6925000000002068,2
2024-12-12 00:00:00+00:00,0.99990632,0.99990632,0.99990632,0.99990632,1,chainlink,measured,1.036800000000504,2
2024-12-13 00:00:00+00:00,0.99996406,0.99996406,0.99996406,0.99996406,1,chainlink,measured,0.3593999999995656,2
2024-12-14 00:00:00+00:00,0.99995,0.99995,0.99995,0.99995,1,chainlink,measured,0.900000000000345,2
2024-12-15 00:00:00+00:00,1.00001498,1.00001498,1.00001498,1.00001498,1,chainlink,measured,2.2498000000004126,2
2024-12-16 00:00:00+00:00,0.99994773,0.99994773,0.99994773,0.99994773,1,chainlink,measured,2.4773000000000156,2
2024-12-17 00:00:00+00:00,0.99995039,0.99995039,0.99995039,0.99995039,1,chainlink,measured,0.4961000000003324,2
2024-12-18 00:00:00+00:00,0.99996,0.99996,0.99996,0.99996,1,chainlink,measured,0.5999999999994898,2
2024-12-19 00:00:00+00:00,1.00000652,1.00000652,1.00000652,1.00000652,1,chainlink,measured,0.06519999999898829,2
2024-12-20 00:00:00+00:00,0.99998877,0.99998877,0.99998877,0.99998877,1,chainlink,measured,0.2123000000009423,2
2024-12-21 00:00:00+00:00,0.99996,0.99996,0.99996,0.99996,1,chainlink,measured,0.5999999999994898,2
2024-12-22 00:00:00+00:00,0.99994,0.99994,0.99994,0.99994,1,chainlink,measured,0.49999999999994493,2
2024-12-23 00:00:00+00:00,0.99995789,0.99995789,0.99995789,0.99995789,1,chainlink,measured,0.5789000000000488,2
2024-12-24 00:00:00+00:00,0.99995232,0.99995232,0.99995232,0.99995232,1,chainlink,measured,0.5768000000005991,2
2024-12-25 00:00:00+00:00,1.00000445,1.00000445,1.00000445,1.00000445,1,chainlink,measured,0.04450000000044696,2
2024-12-26 00:00:00+00:00,1.00001031,1.00001031,1.00001031,1.00001031,1,chainlink,measured,1.1030999999994684,2
2024-12-27 00:00:00+00:00,0.99994887,0.99994887,0.99994887,0.99994887,1,chainlink,measured,0.4886999999997865,2
2024-12-28 00:00:00+00:00,1.0,1.0,1.0,1.0,1,chainlink,measured,0.9999999999998899,2
2024-12-29 00:00:00+00:00,0.99997134,0.99997134,0.99997134,0.99997134,1,chainlink,measured,0.7133999999997531,2
2024-12-30 00:00:00+00:00,1.00004,1.00004,1.00004,1.00004,1,chainlink,measured,2.4000000000001798,2
2024-12-31 00:00:00+00:00,0.99998401,0.99998401,0.99998401,0.99998401,1,chainlink,measured,0.8401000000002323,2
2025-01-01 00:00:00+00:00,0.99997,0.99997,0.99997,0.99997,1,chainlink,measured,0.700000000000145,2
2025-01-02 00:00:00+00:00,1.00000571,1.00000571,1.00000571,1.00000571,1,chainlink,measured,2.3570999999988906,2
2025-01-03 00:00:00+00:00,0.99997934,0.99997934,0.99997934,0.99997934,1,chainlink,measured,0.20660000000005674,2
2025-01-04 00:00:00+00:00,0.99995146,0.99995146,0.99995146,0.99995146,1,chainlink,measured,0.9854000000009133,2
2025-01-05 00:00:00+00:00,0.99997611,0.99997611,0.99997611,0.99997611,1,chainlink,measured,1.461099999999771,2
2025-01-06 00:00:00+00:00,0.99994561,0.99994561,0.99994561,0.99994561,1,chainlink,measured,1.4561000000001822,2
2025-01-07 00:00:00+00:00,0.99996456,0.99996456,0.99996456,0.99996456,1,chainlink,measured,0.35439999999997696,2
2025-01-08 00:00:00+00:00,0.99988524,0.99988524,0.99988524,0.99988524,1,chainlink,measured,1.2476000000005705,2
2025-01-09 00:00:00+00:00,0.99996,0.99996,0.99996,0.99996,1,chainlink,measured,0.40000000000040004,2
2025-01-10 00:00:00+00:00,0.99996033,0.99996033,0.99996033,0.99996033,1,chainlink,measured,0.4967000000011268,2
2025-01-11 00:00:00+00:00,0.99994026,0.99994026,0.99994026,0.99994026,1,chainlink,measured,0.5973999999997481,2
2025-01-12 00:00:00+00:00,0.99986454,0.99986454,0.99986454,0.99986454,1,chainlink,measured,1.2546000000002167,2
2025-01-13 00:00:00+00:00,0.99992616,0.99992616,0.99992616,0.99992616,1,chainlink,measured,0.7383999999999169,2
2025-01-14 00:00:00+00:00,1.00000283,1.00000283,1.00000283,1.00000283,1,chainlink,measured,0.0717000000016732,2
2025-01-15 00:00:00+00:00,0.99995429,0.99995429,0.99995429,0.99995429,1,chainlink,measured,0.5571000000004211,2
2025-01-16 00:00:00+00:00,0.99994003,0.99994003,0.99994003,0.99994003,1,chainlink,measured,0.5997000000002028,2
2025-01-17 00:00:00+00:00,0.9999757,0.9999757,0.9999757,0.9999757,1,chainlink,measured,0.24299999999977118,2
2025-01-18 00:00:00+00:00,0.99997593,0.99997593,0.99997593,0.99997593,1,chainlink,measured,2.2407000000002064,2
2025-01-19 00:00:00+00:00,1.00000631,1.00000631,1.00000631,1.00000631,1,chainlink,measured,0.9368999999992411,2
2025-01-20 00:00:00+00:00,0.9999512,0.9999512,0.9999512,0.9999512,1,chainlink,measured,2.11200000000078,2
2025-01-21 00:00:00+00:00,1.00000215,1.00000215,1.00000215,1.00000215,1,chainlink,measured,0.9784999999995492,2
2025-01-22 00:00:00+00:00,1.00001648,1.00001648,1.00001648,1.00001648,1,chainlink,measured,0.16479999999985395,2
2025-01-23 00:00:00+00:00,0.99999963,0.99999963,0.99999963,0.99999963,1,chainlink,measured,0.003699999999717818,2
2025-01-24 00:00:00+00:00,1.00003,1.00003,1.00003,1.00003,1,chainlink,measured,1.2999999999996348,2
2025-01-25 00:00:00+00:00,1.00001996,1.00001996,1.00001996,1.00001996,1,chainlink,measured,1.1995999999991902,2
2025-01-26 00:00:00+00:00,1.00003099,1.00003099,1.00003099,1.00003099,1,chainlink,measured,0.6901000000003599,2
2025-01-27 00:00:00+00:00,1.00001314,1.00001314,1.00001314,1.00001314,1,chainlink,measured,0.2314000000003258,2
2025-01-28 00:00:00+00:00,1.0,1.0,1.0,1.0,1,chainlink,measured,0.0,2
2025-01-29 00:00:00+00:00,0.99998983,0.99998983,0.99998983,0.99998983,1,chainlink,measured,0.8982999999995744,2
2025-01-30 00:00:00+00:00,1.00000731,1.00000731,1.00000731,1.00000731,1,chainlink,measured,2.473100000000006,2
2025-01-31 00:00:00+00:00,0.99997746,0.99997746,0.99997746,0.99997746,1,chainlink,measured,0.22540000000015326,2
2025-02-01 00:00:00+00:00,1.0000173,1.0000173,1.0000173,1.0000173,1,chainlink,measured,0.8269999999988009,2
2025-02-02 00:00:00+00:00,0.9999899,0.9999899,0.9999899,0.9999899,1,chainlink,measured,0.10100000000012876,2
2025-02-03 00:00:00+00:00,1.00003303,1.00003303,1.00003303,1.00003303,1,chainlink,measured,0.33029999999989457,2
2025-02-04 00:00:00+00:00,0.99998547,0.99998547,0.99998547,0.99998547,1,chainlink,measured,0.8547000000003191,2
2025-02-05 00:00:00+00:00,0.99997329,0.99997329,0.99997329,0.99997329,1,chainlink,measured,0.7329000000000363,2
2025-02-06 00:00:00+00:00,0.99997814,0.99997814,0.99997814,0.99997814,1,chainlink,measured,0.7813999999994881,2
2025-02-07 00:00:00+00:00,0.99992427,0.99992427,0.99992427,0.99992427,1,chainlink,measured,0.7573000000005159,2
2025-02-08 00:00:00+00:00,0.99991752,0.99991752,0.99991752,0.99991752,1,chainlink,measured,0.8247999999999589,2
2025-02-09 00:00:00+00:00,1.0,1.0,1.0,1.0,1,chainlink,measured,0.0,2
2025-02-10 00:00:00+00:00,0.99992431,0.99992431,0.99992431,0.99992431,1,chainlink,measured,0.8569000000002713,2
2025-02-11 00:00:00+00:00,0.99994321,0.99994321,0.99994321,0.99994321,1,chainlink,measured,0.5679000000002876,2
2025-02-12 00:00:00+00:00,0.99999021,0.99999021,0.99999021,0.99999021,1,chainlink,measured,0.09790000000009513,2
2025-02-13 00:00:00+00:00,0.99990028,0.99990028,0.99990028,0.99990028,1,chainlink,measured,0.7972000000000534,2
2025-02-14 00:00:00+00:00,0.99993709,0.99993709,0.99993709,0.99993709,1,chainlink,measured,0.37089999999961876,2
2025-02-15 00:00:00+00:00,0.99992348,0.99992348,0.99992348,0.99992348,1,chainlink,measured,0.2347999999996464,2
2025-02-16 00:00:00+00:00,0.9999,0.9999,0.9999,0.9999,1,chainlink,measured,0.10000000000065512,2
2025-02-17 00:00:00+00:00,0.99991286,0.99991286,0.99991286,0.99991286,1,chainlink,measured,0.7714000000003107,2
2025-02-18 00:00:00+00:00,0.99987314,0.99987314,0.99987314,0.99987314,1,chainlink,measured,0.3314000000009809,2
2025-02-19 00:00:00+00:00,0.99988307,0.99988307,0.99988307,0.99988307,1,chainlink,measured,0.8693000000004059,2
2025-02-20 00:00:00+00:00,0.99993394,0.99993394,0.99993394,0.99993394,1,chainlink,measured,0.33940000000010073,2
2025-02-21 00:00:00+00:00,0.99989994,0.99989994,0.99989994,0.99989994,1,chainlink,measured,0.10059999999922908,2
2025-02-22 00:00:00+00:00,0.99998252,0.99998252,0.99998252,0.99998252,1,chainlink,measured,1.0251999999999484,2
2025-02-23 00:00:00+00:00,0.99997171,0.99997171,0.99997171,0.99997171,1,chainlink,measured,1.0170999999992159,2
2025-02-24 00:00:00+00:00,1.00000048,1.00000048,1.00000048,1.00000048,1,chainlink,measured,1.0047999999995838,2
2025-02-25 00:00:00+00:00,0.99987328,0.99987328,0.99987328,0.99987328,1,chainlink,measured,1.067200000000046,2
2025-02-26 00:00:00+00:00,0.99997957,0.99997957,0.99997957,0.99997957,1,chainlink,measured,0.7957000000002878,2
2025-02-27 00:00:00+00:00,0.99988742,0.99988742,0.99988742,0.99988742,1,chainlink,measured,0.12580000000039782,2
2025-02-28 00:00:00+00:00,0.99985474,0.99985474,0.99985474,0.99985474,1,chainlink,measured,0.4526000000004693,2
2025-03-01 00:00:00+00:00,0.99984577,0.99984577,0.99984577,0.99984577,1,chainlink,measured,0.4576999999994502,2
2025-03-02 00:00:00+00:00,0.99994372,0.99994372,0.99994372,0.99994372,1,chainlink,measured,0.5628000000001965,2
2025-03-03 00:00:00+00:00,0.99994455,0.99994455,0.99994455,0.99994455,1,chainlink,measured,0.44550000000032064,2
2025-03-04 00:00:00+00:00,0.99988234,0.99988234,0.99988234,0.99988234,1,chainlink,measured,0.8233999999995856,2
2025-03-05 00:00:00+00:00,0.99991965,0.99991965,0.99991965,0.99991965,1,chainlink,measured,0.19650000000037693,2
2025-03-06 00:00:00+00:00,0.99990163,0.99990163,0.99990163,0.99990163,1,chainlink,measured,0.2162999999999471,2
2025-03-07 00:00:00+00:00,0.99987,0.99987,0.99987,0.99987,1,chainlink,measured,0.700000000000145,2
2025-03-08 00:00:00+00:00,0.99992992,0.99992992,0.99992992,0.99992992,1,chainlink,measured,1.2992000000000559,2
2025-03-09 00:00:00+00:00,0.99986926,0.99986926,0.99986926,0.99986926,1,chainlink,measured,0.6074000000000357,2
2025-03-10 00:00:00+00:00,0.99980879,0.99980879,0.99980879,0.99980879,1,chainlink,measured,0.21209999999993734,2
2025-03-11 00:00:00+00:00,0.99989776,0.99989776,0.99989776,0.99989776,1,chainlink,measured,0.322400000000167,2
2025-03-12 00:00:00+00:00,0.99985247,0.99985247,0.99985247,0.99985247,1,chainlink,measured,0.5246999999997115,2
2025-03-13 00:00:00+00:00,0.99993692,0.99993692,0.99993692,0.99993692,1,chainlink,measured,2.2692000000001933,2
2025-03-14 00:00:00+00:00,0.99989788,0.99989788,0.99989788,0.99989788,1,chainlink,measured,0.9787999999999464,2
2025-03-15 00:00:00+00:00,0.99997,0.99997,0.99997,0.99997,1,chainlink,measured,0.700000000000145,2
2025-03-16 00:00:00+00:00,0.99995,0.99995,0.99995,0.99995,1,chainlink,measured,1.4999999999998348,2
2025-03-17 00:00:00+00:00,0.99990148,0.99990148,0.99990148,0.99990148,1,chainlink,measured,1.0147999999998714,2
2025-03-18 00:00:00+00:00,0.99995942,0.99995942,0.99995942,0.99995942,1,chainlink,measured,0.5942000000003222,2
2025-03-19 00:00:00+00:00,0.99992711,0.99992711,0.99992711,0.99992711,1,chainlink,measured,1.2710999999998585,2
2025-03-20 00:00:00+00:00,0.99989,0.99989,0.99989,0.99989,1,chainlink,measured,0.8999999999992347,2
2025-03-21 00:00:00+00:00,0.99991864,0.99991864,0.99991864,0.99991864,1,chainlink,measured,0.513600000000558,2
2025-03-22 00:00:00+00:00,1.00005048,1.00005048,1.00005048,1.00005048,1,chainlink,measured,2.504800000000529,2
2025-03-23 00:00:00+00:00,0.99997998,0.99997998,0.99997998,0.99997998,1,chainlink,measured,1.799799999999685,2
2025-03-24 00:00:00+00:00,0.99998944,0.99998944,0.99998944,0.99998944,1,chainlink,measured,1.8943999999998518,2
2025-03-25 00:00:00+00:00,0.99993999,0.99993999,0.99993999,0.99993999,1,chainlink,measured,0.39989999999989756,2
2025-03-26 00:00:00+00:00,0.99991001,0.99991001,0.99991001,0.99991001,1,chainlink,measured,0.10010000000004737,2
2025-03-27 00:00:00+00:00,1.0,1.0,1.0,1.0,1,chainlink,measured,1.9999999999997797,2
2025-03-28 00:00:00+00:00,0.99994867,0.99994867,0.99994867,0.99994867,1,chainlink,measured,0.486699999999729,2
2025-03-29 00:00:00+00:00,1.00002097,1.00002097,1.00002097,1.00002097,1,chainlink,measured,1.3097000000006354,2
2025-03-30 00:00:00+00:00,0.99999005,0.99999005,0.99999005,0.99999005,1,chainlink,measured,0.8004999999999818,2
2025-03-31 00:00:00+00:00,0.99990608,0.99990608,0.99990608,0.99990608,1,chainlink,measured,0.9391999999996958,2
2025-04-01 00:00:00+00:00,0.99996,0.99996,0.99996,0.99996,1,chainlink,measured,0.5999999999994898,2
2025-04-02 00:00:00+00:00,0.99996894,0.99996894,0.99996894,0.99996894,1,chainlink,measured,0.6894000000001732,2
2025-04-03 00:00:00+00:00,0.99993515,0.99993515,0.99993515,0.99993515,1,chainlink,measured,0.6485000000000518,2
2025-04-04 00:00:00+00:00,0.99997726,0.99997726,0.99997726,0.99997726,1,chainlink,measured,0.22740000000021077,2
2025-04-05 00:00:00+00:00,0.99994851,0.99994851,0.99994851,0.99994851,1,chainlink,measured,0.5149000000004289,2
2025-04-06 00:00:00+00:00,0.99992,0.99992,0.99992,0.99992,1,chainlink,measured,0.7999999999996898,2
2025-04-07 00:00:00+00:00,0.99993266,0.99993266,0.99993266,0.99993266,1,chainlink,measured,0.6733999999997131,2
2025-04-08 00:00:00+00:00,0.99993131,0.99993131,0.99993131,0.99993131,1,chainlink,measured,1.313099999999956,2
2025-04-09 00:00:00+00:00,1.0,1.0,1.0,1.0,1,chainlink,measured,0.2999999999997449,2
2025-04-10 00:00:00+00:00,1.0,1.0,1.0,1.0,1,chainlink,measured,0.49999999999994493,2
2025-04-11 00:00:00+00:00,1.0,1.0,1.0,1.0,1,chainlink,measured,0.9999999999998899,2
2025-04-12 00:00:00+00:00,0.99997999,0.99997999,0.99997999,0.99997999,1,chainlink,measured,1.2000999999994821,2
2025-04-13 00:00:00+00:00,0.99999332,0.99999332,0.99999332,0.99999332,1,chainlink,measured,0.9331999999995233,2
2025-04-14 00:00:00+00:00,0.99999542,0.99999542,0.99999542,0.99999542,1,chainlink,measured,0.9541999999995721,2
2025-04-15 00:00:00+00:00,0.99993,0.99993,0.99993,0.99993,1,chainlink,measured,0.2999999999997449,2
2025-04-16 00:00:00+00:00,0.99995299,0.99995299,0.99992088,0.99992088,2,chainlink,measured,0.7911999999998809,2
2025-04-17 00:00:00+00:00,0.99997,1.00000642,0.99997,1.00000642,2,chainlink,measured,1.0642000000005147,2
2025-04-18 00:00:00+00:00,0.99998,0.99998,0.99998,0.99998,1,chainlink,measured,1.7999999999995797,2
2025-04-19 00:00:00+00:00,0.99997648,0.99997648,0.99997648,0.99997648,1,chainlink,measured,0.7647999999993438,2
2025-04-20 00:00:00+00:00,1.0,1.0,1.0,1.0,1,chainlink,measured,0.9999999999998899,2
2025-04-21 00:00:00+00:00,0.99995,0.99995,0.99995,0.99995,1,chainlink,measured,0.49999999999994493,2
2025-04-22 00:00:00+00:00,1.0,1.0,1.0,1.0,1,chainlink,measured,0.9999999999998899,2
2025-04-23 00:00:00+00:00,0.99993658,0.99993658,0.99993658,0.99993658,1,chainlink,measured,0.6342000000003623,2
2025-04-24 00:00:00+00:00,1.0000082,1.0000082,1.0000082,1.0000082,1,chainlink,measured,1.0819999999989172,2
2025-04-25 00:00:00+00:00,0.99990758,0.99990758,0.99990758,0.99990758,1,chainlink,measured,0.9241999999998196,2
2025-04-26 00:00:00+00:00,0.99998,0.99998,0.99998,0.99998,1,chainlink,measured,0.7999999999996898,2
2025-04-27 00:00:00+00:00,0.99994789,0.99994789,0.9999466,0.9999466,2,chainlink,measured,1.4659999999999673,2
2025-04-28 00:00:00+00:00,1.00003777,1.00003777,1.00003777,1.00003777,1,chainlink,measured,0.8777000000004254,2
2025-04-29 00:00:00+00:00,0.99994904,0.99994904,0.99994904,0.99994904,1,chainlink,measured,0.509600000000443,2
2025-04-30 00:00:00+00:00,0.99993075,0.99993075,0.99993075,0.99993075,1,chainlink,measured,1.0925000000006069,2
2025-05-01 00:00:00+00:00,0.99997792,0.99997792,0.99997792,0.99997792,1,chainlink,measured,0.5791999999993358,2
2025-05-02 00:00:00+00:00,0.99997,0.99997,0.99997,0.99997,1,chainlink,measured,0.700000000000145,2
2025-05-03 00:00:00+00:00,0.99995475,0.99995475,0.99995475,0.99995475,1,chainlink,measured,0.547499999999923,2
2025-05-04 00:00:00+00:00,0.99998,0.99998,0.99998,0.99998,1,chainlink,measured,0.20000000000020002,2
2025-05-05 00:00:00+00:00,0.99996954,0.99996954,0.99996954,0.99996954,1,chainlink,measured,0.3045999999995441,2
2025-05-06 00:00:00+00:00,1.00000618,1.00000618,1.00000618,1.00000618,1,chainlink,measured,0.3617999999994126,2
2025-05-07 00:00:00+00:00,0.99999,0.99999,0.99999,0.99999,1,chainlink,measured,0.30000000000085514,2
2025-05-08 00:00:00+00:00,0.99997425,0.99997425,0.99997425,0.99997425,1,chainlink,measured,1.042499999999169,2
2025-05-09 00:00:00+00:00,1.00002615,1.00002615,1.00002615,1.00002615,1,chainlink,measured,0.2615000000005807,2
2025-05-10 00:00:00+00:00,0.99999987,0.99999987,0.99999987,0.99999987,1,chainlink,measured,0.09869999999967405,2
2025-05-11 00:00:00+00:00,0.99998104,0.99998104,0.99998104,0.99998104,1,chainlink,measured,0.8103999999997669,2
2025-05-12 00:00:00+00:00,0.99996,0.99996,0.99996,0.99996,1,chainlink,measured,0.8000000000008001,2
2025-05-13 00:00:00+00:00,1.00004827,1.00004827,1.00004827,1.00004827,1,chainlink,measured,0.482699999999614,2
2025-05-14 00:00:00+00:00,0.99997483,0.99997483,0.99997483,0.99997483,1,chainlink,measured,0.748299999999702,2
2025-05-15 00:00:00+00:00,0.99991819,0.99991819,0.99991819,0.99991819,1,chainlink,measured,0.18190000000029016,2
2025-05-16 00:00:00+00:00,0.99986,0.99986,0.99986,0.99986,1,chainlink,measured,0.40000000000040004,2
2025-05-17 00:00:00+00:00,0.99985,0.99985,0.99985,0.99985,1,chainlink,measured,0.49999999999994493,2
2025-05-18 00:00:00+00:00,0.99984,0.99984,0.99984,0.99984,1,chainlink,measured,1.000000000001,2
2025-05-19 00:00:00+00:00,0.99986,0.99986,0.99986,0.99986,1,chainlink,measured,0.49999999999994493,2
2025-05-20 00:00:00+00:00,0.999846,0.999846,0.999846,0.999846,1,chainlink,measured,0.5399999999999849,2
2025-05-21 00:00:00+00:00,0.99985602,0.99985602,0.99985602,0.99985602,1,chainlink,measured,1.5601999999992344,2
2025-05-22 00:00:00+00:00,0.99976986,0.99976986,0.99976986,0.99976986,1,chainlink,measured,1.401399999999553,2
2025-05-23 00:00:00+00:00,0.99974,0.99974,0.99974,0.99974,1,chainlink,measured,1.60000000000049,2
2025-05-24 00:00:00+00:00,0.99981996,0.99981996,0.99981996,0.99981996,1,chainlink,measured,1.1995999999991902,2
2025-05-25 00:00:00+00:00,0.99987686,0.99987686,0.99987686,0.99987686,1,chainlink,measured,1.768599999999454,2
2025-05-26 00:00:00+00:00,0.99978772,0.99978772,0.99978772,0.99978772,1,chainlink,measured,1.0227999999989912,2
2025-05-27 00:00:00+00:00,0.99975577,0.99975577,0.99975577,0.99975577,1,chainlink,measured,1.8423000000000744,2
2025-05-28 00:00:00+00:00,0.99980571,0.99980571,0.99980571,0.99980571,1,chainlink,measured,0.44290000000057894,2
2025-05-29 00:00:00+00:00,0.99977968,0.99977968,0.99977968,0.99977968,1,chainlink,measured,0.5967999999989537,2
2025-05-30 00:00:00+00:00,0.99990004,0.99990004,0.99990004,0.99990004,1,chainlink,measured,2.000399999999569,2
2025-05-31 00:00:00+00:00,0.99987141,0.99987141,0.99987141,0.99987141,1,chainlink,measured,1.28589999999984,2
2025-06-01 00:00:00+00:00,0.99982,0.99982,0.99982,0.99982,1,chainlink,measured,1.2000000000000899,2
2025-06-02 00:00:00+00:00,0.99975211,0.99975211,0.99975211,0.99975211,1,chainlink,measured,2.0788999999998836,2
2025-06-03 00:00:00+00:00,0.99977498,0.99977498,0.99977498,0.99977498,1,chainlink,measured,1.4502000000005122,2
2025-06-04 00:00:00+00:00,0.99973339,0.99973339,0.99973339,0.99973339,1,chainlink,measured,1.4660999999993596,2
2025-06-05 00:00:00+00:00,0.99973,0.99973,0.99973,0.99973,1,chainlink,measured,1.7999999999995797,2
2025-06-06 00:00:00+00:00,0.999819,0.999819,0.999819,0.999819,1,chainlink,measured,0.40999999999957737,2
2025-06-07 00:00:00+00:00,0.99975959,0.99975959,0.99975959,0.99975959,1,chainlink,measured,2.004099999999287,2
2025-06-08 00:00:00+00:00,0.9998573,0.9998573,0.9998573,0.9998573,1,chainlink,measured,1.5729999999991584,2
2025-06-09 00:00:00+00:00,0.99979859,0.99979859,0.99979859,0.99979859,1,chainlink,measured,1.0140999999996847,2
2025-06-10 00:00:00+00:00,0.99978325,0.99978325,0.99978325,0.99978325,1,chainlink,measured,0.8324999999997917,2
2025-06-11 00:00:00+00:00,0.99979999,0.99979999,0.99979999,0.99979999,1,chainlink,measured,1.0001000000003923,2
2025-06-12 00:00:00+00:00,0.99979345,0.99979345,0.99979345,0.99979345,1,chainlink,measured,1.1654999999999305,2
2025-06-13 00:00:00+00:00,0.99973,0.99973,0.99973,0.99973,1,chainlink,measured,1.2999999999996348,2
2025-06-14 00:00:00+00:00,0.99979571,0.99979571,0.99979571,0.99979571,1,chainlink,measured,1.7429000000002137,2
2025-06-15 00:00:00+00:00,0.99994892,0.99994892,0.99994892,0.99994892,1,chainlink,measured,2.489199999999858,2
2025-06-16 00:00:00+00:00,0.99986254,0.99986254,0.99986254,0.99986254,1,chainlink,measured,1.625399999999333,2
2025-06-17 00:00:00+00:00,0.99980188,0.99980188,0.99980188,0.99980188,1,chainlink,measured,1.0811999999993382,2
2025-06-18 00:00:00+00:00,0.99984103,0.99984103,0.99984103,0.99984103,1,chainlink,measured,0.4102999999999746,2
2025-06-19 00:00:00+00:00,0.99987136,0.99987136,0.99987136,0.99987136,1,chainlink,measured,1.7135999999995377,2
2025-06-20 00:00:00+00:00,0.9999,0.9999,0.9999,0.9999,1,chainlink,measured,0.9999999999998899,2
2025-06-21 00:00:00+00:00,0.99985,0.99985,0.99985,0.99985,1,chainlink,measured,1.2999999999996348,2
2025-06-22 00:00:00+00:00,0.99989011,0.99989011,0.99989011,0.99989011,1,chainlink,measured,2.0988999999993485,2
2025-06-23 00:00:00+00:00,0.99981931,0.99981931,0.99981931,0.99981931,1,chainlink,measured,1.6068999999996336,2
2025-06-24 00:00:00+00:00,0.99985773,0.99985773,0.99985773,0.99985773,1,chainlink,measured,2.122700000000144,2
2025-06-25 00:00:00+00:00,0.99992,0.99992,0.99992,0.99992,1,chainlink,measured,0.49999999999994493,2
2025-06-26 00:00:00+00:00,0.99993961,0.99993961,0.99993961,0.99993961,1,chainlink,measured,0.5039000000006677,2
2025-06-27 00:00:00+00:00,0.99984,0.99984,0.99984,0.99984,1,chainlink,measured,1.40000000000029,2
2025-06-28 00:00:00+00:00,0.99986,0.99986,0.99986,0.99986,1,chainlink,measured,1.40000000000029,2
2025-06-29 00:00:00+00:00,0.99988003,0.99988003,0.99988003,0.99988003,1,chainlink,measured,0.9996999999994927,2
2025-06-30 00:00:00+00:00,0.99986499,0.99986499,0.99986499,0.99986499,1,chainlink,measured,0.8501000000005199,2
2025-07-01 00:00:00+00:00,0.99995942,0.99995942,0.99995942,0.99995942,1,chainlink,measured,1.5942000000002121,2
2025-07-02 00:00:00+00:00,0.99992744,0.99992744,0.99992744,0.99992744,1,chainlink,measured,1.2743999999997868,2
2025-07-03 00:00:00+00:00,0.99982544,0.99982544,0.99982544,0.99982544,1,chainlink,measured,1.645600000000913,2
2025-07-04 00:00:00+00:00,0.999861,0.999861,0.999861,0.999861,1,chainlink,measured,1.3900000000000023,2
2025-07-05 00:00:00+00:00,0.99997,0.99997,0.99997,0.99997,1,chainlink,measured,0.700000000000145,2
2025-07-06 00:00:00+00:00,0.99993,0.99993,0.99993,0.99993,1,chainlink,measured,1.2999999999996348,2
2025-07-07 00:00:00+00:00,0.99992,0.99992,0.99992,0.99992,1,chainlink,measured,0.7999999999996898,2
2025-07-08 00:00:00+00:00,0.99996761,0.99996761,0.99996761,0.99996761,1,chainlink,measured,0.6760999999999573,2
2025-07-09 00:00:00+00:00,0.99988684,0.99988684,0.99988684,0.99988684,1,chainlink,measured,1.1315999999994553,2
2025-07-10 00:00:00+00:00,0.9999417,0.9999417,0.9999417,0.9999417,1,chainlink,measured,1.4170000000002236,2
2025-07-11 00:00:00+00:00,0.99994289,0.99994289,0.99994289,0.99994289,1,chainlink,measured,0.5710999999997135,2
2025-07-12 00:00:00+00:00,0.99993839,0.99993839,0.99993839,0.99993839,1,chainlink,measured,0.38389999999943747,2
2025-07-13 00:00:00+00:00,0.99991,0.99991,0.99991,0.99991,1,chainlink,measured,1.0999999999994348,2
2025-07-14 00:00:00+00:00,0.99991,0.99991,0.99991,0.99991,1,chainlink,measured,1.0999999999994348,2
2025-07-15 00:00:00+00:00,0.99987854,0.99987854,0.99987854,0.99987854,1,chainlink,measured,0.7853999999996031,2
2025-07-16 00:00:00+00:00,0.99988,0.99988,0.99988,0.99988,1,chainlink,measured,0.40000000000040004,2
2025-07-17 00:00:00+00:00,0.9999031,0.9999031,0.9999031,0.9999031,1,chainlink,measured,0.4689999999996086,2
2025-07-18 00:00:00+00:00,0.99989574,0.99989574,0.99989574,0.99989574,1,chainlink,measured,0.9426000000001267,2
2025-07-19 00:00:00+00:00,0.99986,0.99986,0.99986,0.99986,1,chainlink,measured,1.300000000000745,2
2025-07-20 00:00:00+00:00,0.99994257,0.99994257,0.99994257,0.99994257,1,chainlink,measured,1.4256999999995301,2
2025-07-21 00:00:00+00:00,0.99988,0.99988,0.99988,0.99988,1,chainlink,measured,0.7999999999996898,2
2025-07-22 00:00:00+00:00,0.9999,0.9999,0.9999,0.9999,1,chainlink,measured,0.9999999999998899,2
2025-07-23 00:00:00+00:00,0.99985,0.99985,0.99985,0.99985,1,chainlink,measured,1.0999999999994348,2
2025-07-24 00:00:00+00:00,0.99986651,0.99986651,0.99986651,0.99986651,1,chainlink,measured,1.3348999999995836,2
2025-07-25 00:00:00+00:00,0.9998,0.9998,0.9998,0.9998,1,chainlink,measured,1.9000000000002348,2
2025-07-26 00:00:00+00:00,0.99986061,0.99986061,0.99986061,0.99986061,1,chainlink,measured,1.6061000000000547,2
2025-07-27 00:00:00+00:00,0.9998833,0.9998833,0.9998833,0.9998833,1,chainlink,measured,0.8669999999999511,2
2025-07-28 00:00:00+00:00,0.99979445,0.99979445,0.99979445,0.99979445,1,chainlink,measured,1.555500000000043,2
2025-07-29 00:00:00+00:00,0.9999,0.9999,0.9999,0.9999,1,chainlink,measured,1.9999999999997797,2
2025-07-30 00:00:00+00:00,0.99984831,0.99984831,0.99984831,0.99984831,1,chainlink,measured,1.4830999999992933,2
2025-07-31 00:00:00+00:00,0.99991,0.99991,0.99991,0.99991,1,chainlink,measured,1.0999999999994348,2
2025-08-01 00:00:00+00:00,0.99985417,0.99985417,0.99985417,0.99985417,1,chainlink,measured,1.541699999999535,2
2025-08-02 00:00:00+00:00,0.99978104,0.99978104,0.99978104,0.99978104,1,chainlink,measured,0.8103999999997669,2
2025-08-03 00:00:00+00:00,0.99991609,0.99991609,0.99991609,0.99991609,1,chainlink,measured,2.160900000000021,2
2025-08-04 00:00:00+00:00,0.99986115,0.99986115,0.99986115,0.99986115,1,chainlink,measured,0.611499999999543,2
2025-08-05 00:00:00+00:00,0.99988,0.99988,0.99988,0.99988,1,chainlink,measured,0.7999999999996898,2
2025-08-06 00:00:00+00:00,0.99988792,0.99988792,0.99988792,0.99988792,1,chainlink,measured,0.8792000000001909,2
2025-08-07 00:00:00+00:00,0.99984536,0.99986,0.99984536,0.99986,2,chainlink,measured,1.5999999999993797,2
2025-08-08 00:00:00+00:00,0.99985082,0.99985082,0.99985082,0.99985082,1,chainlink,measured,1.5081999999999596,2
2025-08-09 00:00:00+00:00,0.99985782,0.99985782,0.99984599,0.99984599,2,chainlink,measured,0.8401000000002323,2
2025-08-10 00:00:00+00:00,0.99981462,0.99984,0.99981462,0.99984,2,chainlink,measured,0.8000000000008001,2
2025-08-11 00:00:00+00:00,0.99988,0.99988,0.99984,0.99984,2,chainlink,measured,1.3999999999991797,2
2025-08-12 00:00:00+00:00,0.99985306,0.99985306,0.99984219,0.99984219,2,chainlink,measured,1.4218999999993098,2
2025-08-13 00:00:00+00:00,0.99978497,0.99981552,0.99978497,0.99981552,2,chainlink,measured,1.144800000000279,2
2025-08-14 00:00:00+00:00,0.99981154,0.99981154,0.99978985,0.99978985,2,chainlink,measured,0.7014999999999105,2
2025-08-15 00:00:00+00:00,0.9998639,0.9998639,0.99984,0.99984,2,chainlink,measured,0.49999999999994493,2
2025-08-16 00:00:00+00:00,0.99991,0.99991,0.99985512,0.99985512,2,chainlink,measured,0.5511999999996409,2
2025-08-17 00:00:00+00:00,0.99991813,0.99991813,0.99990951,0.99990951,2,chainlink,measured,1.0950999999992383,2
2025-08-18 00:00:00+00:00,0.99994975,0.99994975,0.99990824,0.99990824,2,chainlink,measured,1.0823999999998168,2
2025-08-19 00:00:00+00:00,0.99987648,0.99989105,0.99987648,0.99989105,2,chainlink,measured,1.910499999999704,2
2025-08-20 00:00:00+00:00,0.99989999,0.99989999,0.99986894,0.99986894,2,chainlink,measured,0.6894000000001732,2
2025-08-21 00:00:00+00:00,0.99989627,0.99994268,0.99989627,0.99994268,2,chainlink,measured,1.4267999999995062,2
2025-08-22 00:00:00+00:00,0.99982,0.99984,0.99982,0.99984,2,chainlink,measured,1.3999999999991797,2
2025-08-23 00:00:00+00:00,0.99982,0.99982654,0.99982,0.99982654,2,chainlink,measured,0.4654000000003933,2
2025-08-24 00:00:00+00:00,0.99986,0.99986,0.99985195,0.99985195,2,chainlink,measured,0.5195000000002281,2
2025-08-25 00:00:00+00:00,0.99979077,0.99985174,0.99979077,0.99985174,2,chainlink,measured,1.517399999999558,2
2025-08-26 00:00:00+00:00,0.99987667,0.99987667,0.99986,0.99986,2,chainlink,measured,1.5999999999993797,2
2025-08-27 00:00:00+00:00,0.99982535,0.99984536,0.99982535,0.99984536,2,chainlink,measured,1.5463999999998368,2
2025-08-28 00:00:00+00:00,0.99989999,0.99989999,0.99985839,0.99985839,2,chainlink,measured,1.3161000000005973,2
2025-08-29 00:00:00+00:00,0.99980152,0.99985544,0.99980152,0.99985544,2,chainlink,measured,1.3456000000000579,2
2025-08-30 00:00:00+00:00,0.99986752,0.99989149,0.99986752,0.99989149,2,chainlink,measured,1.085100000000061,2
2025-08-31 00:00:00+00:00,0.99987,0.99987135,0.99987,0.99987135,2,chainlink,measured,0.7135000000002556,2
2025-09-01 00:00:00+00:00,0.99990089,0.99990089,0.9999,0.9999,2,chainlink,measured,0.9999999999998899,2
2025-09-02 00:00:00+00:00,0.9998785,0.9998785,0.99985439,0.99985439,2,chainlink,measured,0.6561000000004924,2
2025-09-03 00:00:00+00:00,0.99986,0.99986,0.99983533,0.99983533,2,chainlink,measured,1.046700000000289,2
2025-09-04 00:00:00+00:00,0.99983638,0.99985209,0.99983638,0.99985209,2,chainlink,measured,1.3791000000007436,2
2025-09-05 00:00:00+00:00,0.99985232,0.99985232,0.99983046,0.99983046,2,chainlink,measured,0.5953999999996906,2
2025-09-06 00:00:00+00:00,0.99983747,0.99983747,0.99982131,0.99982131,2,chainlink,measured,1.7869000000003687,2
2025-09-07 00:00:00+00:00,0.99986099,0.99989691,0.99986099,0.99989691,2,chainlink,measured,0.969100000000056,2
2025-09-08 00:00:00+00:00,0.99987,0.99988026,0.99987,0.99988026,2,chainlink,measured,0.8025999999994315,2
2025-09-09 00:00:00+00:00,0.99985309,0.99985605,0.99985309,0.99985605,2,chainlink,measured,0.5604999999997418,2
2025-09-10 00:00:00+00:00,0.9998968,0.9998968,0.99982555,0.99982555,2,chainlink,measured,0.444500000000847,2
2025-09-11 00:00:00+00:00,0.99984685,0.99984685,0.99983,0.99983,2,chainlink,measured,0.2999999999997449,2
2025-09-12 00:00:00+00:00,0.99985814,0.99985814,0.99984095,0.99984095,2,chainlink,measured,0.40949999999928544,2
2025-09-13 00:00:00+00:00,0.99978,0.99978,0.99977,0.99977,2,chainlink,measured,0.3999999999992898,2
2025-09-14 00:00:00+00:00,0.99976029,0.99981521,0.99976029,0.99981521,2,chainlink,measured,0.15209999999932222,2
2025-09-15 00:00:00+00:00,0.99985182,0.99985182,0.99983469,0.99983469,2,chainlink,measured,1.3468999999999287,2
2025-09-16 00:00:00+00:00,0.99981052,0.99981052,0.99974998,0.99974998,2,chainlink,measured,0.5001999999998397,2
2025-09-17 00:00:00+00:00,0.99979064,0.99979064,0.999763,0.999763,2,chainlink,measured,1.6299999999991321,2
2025-09-18 00:00:00+00:00,0.99974945,0.9997722,0.99974945,0.9997722,2,chainlink,measured,0.7219999999996674,2
2025-09-19 00:00:00+00:00,0.99968097,0.99969492,0.99968097,0.99969492,2,chainlink,measured,1.3507999999995413,2
2025-09-20 00:00:00+00:00,0.9997722,0.9997722,0.9997205,0.9997205,2,chainlink,measured,1.194999999999391,2
2025-09-21 00:00:00+00:00,0.9997286,0.99972969,0.9997286,0.99972969,2,chainlink,measured,1.2968999999996011,2
2025-09-22 00:00:00+00:00,0.99986164,0.99986164,0.99978077,0.99978077,2,chainlink,measured,0.8076999999995227,2
2025-09-23 00:00:00+00:00,0.99974923,0.99974923,0.99974223,0.99974223,2,chainlink,measured,1.4222999999990993,2
2025-09-24 00:00:00+00:00,0.99984405,0.99984405,0.99976329,0.99976329,2,chainlink,measured,0.6328999999993812,2
2025-09-25 00:00:00+00:00,0.99987886,0.99987886,0.99977491,0.99977491,2,chainlink,measured,0.7490999999992809,2
2025-09-26 00:00:00+00:00,0.99970827,0.99974717,0.99970827,0.99974717,2,chainlink,measured,1.4716999999997427,2
2025-09-27 00:00:00+00:00,0.9997222,0.9997222,0.9997,0.9997,2,chainlink,measured,1.2999999999996348,2
2025-09-28 00:00:00+00:00,0.99981942,0.99984791,0.99981942,0.99984791,2,chainlink,measured,2.479099999999068,2
2025-09-29 00:00:00+00:00,0.9997788,0.9997788,0.99969044,0.99969044,2,chainlink,measured,1.0956000000006405,2
2025-09-30 00:00:00+00:00,0.99963698,0.99963872,0.99963698,0.99963872,2,chainlink,measured,1.312800000000669,2
2025-10-01 00:00:00+00:00,0.99962448,0.9996897,0.99962448,0.9996897,2,chainlink,measured,1.603000000000021,2
2025-10-02 00:00:00+00:00,0.99973746,0.99973746,0.9997256,0.9997256,2,chainlink,measured,1.9440000000003899,2
2025-10-03 00:00:00+00:00,0.99966917,0.99966917,0.99965802,0.99965802,2,chainlink,measured,1.719799999999605,2
2025-10-04 00:00:00+00:00,0.999621,0.999621,0.99962,0.99962,2,chainlink,measured,2.60000000000038,2
2025-10-05 00:00:00+00:00,0.99972994,0.99972994,0.99969996,0.99969996,2,chainlink,measured,1.6003999999991692,2
2025-10-06 00:00:00+00:00,0.99966229,0.99976504,0.99966229,0.99976504,2,chainlink,measured,0.349600000000283,2
2025-10-07 00:00:00+00:00,0.99970594,0.99973969,0.99970594,0.99973969,2,chainlink,measured,1.396899999999146,2
2025-10-08 00:00:00+00:00,0.99976067,0.99984866,0.99976067,0.99984866,2,chainlink,measured,1.4865999999991164,2
2025-10-09 00:00:00+00:00,0.99972922,0.99972922,0.99972541,0.99972541,2,chainlink,measured,1.3458999999993448,2
2025-10-10 00:00:00+00:00,0.99977,1.00287192,0.99977,1.00007092,4,chainlink,measured,1.7091999999996332,2
2025-10-11 00:00:00+00:00,0.9999524,0.9999524,0.9999524,0.9999524,1,chainlink,measured,1.5239999999994147,2
2025-10-12 00:00:00+00:00,0.99995861,0.99995861,0.99994832,0.99994832,2,chainlink,measured,0.6168000000006391,2
2025-10-13 00:00:00+00:00,0.99991835,0.99991835,0.99982,0.99982,2,chainlink,measured,0.7999999999996898,2
2025-10-14 00:00:00+00:00,0.99997,0.99997,0.99988751,0.99988751,2,chainlink,measured,0.8750999999995734,2
2025-10-15 00:00:00+00:00,0.99991829,0.99991829,0.99991829,0.99991829,1,chainlink,measured,1.1828999999996537,2
2025-10-16 00:00:00+00:00,0.9998923,0.9998923,0.9998923,0.9998923,1,chainlink,measured,0.922999999999341,2
2025-10-17 00:00:00+00:00,0.99986062,0.99986062,0.99986062,0.99986062,1,chainlink,measured,0.3938000000003328,2
2025-10-18 00:00:00+00:00,0.99996996,0.99996996,0.99996996,0.99996996,1,chainlink,measured,1.6996000000002454,2
2025-10-19 00:00:00+00:00,0.99995985,0.99995985,0.99995985,0.99995985,1,chainlink,measured,0.5984999999997243,2
2025-10-20 00:00:00+00:00,0.99994453,0.99994453,0.99994453,0.99994453,1,chainlink,measured,1.4453000000003158,2
2025-10-21 00:00:00+00:00,0.9999,0.9999,0.9999,0.9999,1,chainlink,measured,0.9999999999998899,2
2025-10-22 00:00:00+00:00,0.99986,0.99987082,0.99986,0.99987082,2,chainlink,measured,0.7082000000002697,2
2025-10-23 00:00:00+00:00,0.99987567,0.99987567,0.99987567,0.99987567,1,chainlink,measured,0.24330000000016838,2
2025-10-24 00:00:00+00:00,0.99991159,0.99991159,0.99991159,0.99991159,1,chainlink,measured,0.11589999999950251,2
2025-10-25 00:00:00+00:00,0.9998642,0.9998642,0.9998642,0.9998642,1,chainlink,measured,0.3580000000003025,2
2025-10-26 00:00:00+00:00,0.99987081,0.99987081,0.99987081,0.99987081,1,chainlink,measured,0.7080999999997672,2
2025-10-27 00:00:00+00:00,0.999872,0.999872,0.999872,0.999872,1,chainlink,measured,0.7199999999996098,2
2025-10-28 00:00:00+00:00,0.99986424,0.99986424,0.99986424,0.99986424,1,chainlink,measured,0.6423999999993768,2
2025-10-29 00:00:00+00:00,0.9998,0.9998,0.9998,0.9998,1,chainlink,measured,0.20000000000020002,2
2025-10-30 00:00:00+00:00,0.99985024,0.99985024,0.99985024,0.99985024,1,chainlink,measured,1.5023999999996818,2
2025-10-31 00:00:00+00:00,0.99981046,0.99981046,0.99981046,0.99981046,1,chainlink,measured,0.1045999999993441,2
2025-11-01 00:00:00+00:00,0.99987495,0.99987495,0.99987495,0.99987495,1,chainlink,measured,0.8495000000008357,2
2025-11-02 00:00:00+00:00,0.99983106,0.99983106,0.99983106,0.99983106,1,chainlink,measured,0.4106000000003718,2
2025-11-03 00:00:00+00:00,0.99981,0.99981,0.99981,0.99981,1,chainlink,measured,1.0999999999994348,2
2025-11-04 00:00:00+00:00,0.99976678,0.99976678,0.99976678,0.99976678,1,chainlink,measured,0.66779999999933,2
2025-11-05 00:00:00+00:00,0.99981815,0.99981815,0.99981815,0.99981815,1,chainlink,measured,1.1814999999992803,2
2025-11-06 00:00:00+00:00,0.99991947,0.99991947,0.99991947,0.99991947,1,chainlink,measured,2.194699999999994,2
2025-11-07 00:00:00+00:00,0.99985961,0.99985961,0.99985961,0.99985961,1,chainlink,measured,0.4039000000000126,2
2025-11-08 00:00:00+00:00,0.99986688,0.99986688,0.99986688,0.99986688,1,chainlink,measured,1.6687999999998038,2
2025-11-09 00:00:00+00:00,0.99984592,0.99984592,0.99984592,0.99984592,1,chainlink,measured,0.459200000000326,2
2025-11-10 00:00:00+00:00,0.99980844,0.99985291,0.99980844,0.99985291,2,chainlink,measured,0.4709000000002739,2
2025-11-11 00:00:00+00:00,0.99990998,0.99997652,0.99990998,0.99997652,2,chainlink,measured,2.765200000000023,2
2025-11-12 00:00:00+00:00,0.99989,0.99989,0.99983326,0.99983326,2,chainlink,measured,1.332599999999129,2
2025-11-13 00:00:00+00:00,0.99990527,0.99990527,0.99989742,0.99989742,2,chainlink,measured,1.974200000000037,2
2025-11-14 00:00:00+00:00,0.99987,0.99987,0.99981986,0.99981986,2,chainlink,measured,1.1985999999997166,2
2025-11-15 00:00:00+00:00,0.99984,0.9999177,0.99984,0.9999177,2,chainlink,measured,1.1769999999999836,2
2025-11-16 00:00:00+00:00,0.99991404,0.99991404,0.9999045,0.9999045,2,chainlink,measured,2.0449999999994084,2
2025-11-17 00:00:00+00:00,0.99984,0.99984908,0.99984,0.99984908,2,chainlink,measured,1.4907999999991262,2
2025-11-18 00:00:00+00:00,0.99978458,0.99987406,0.99978458,0.99987406,2,chainlink,measured,1.740599999999759,2
2025-11-19 00:00:00+00:00,0.99985033,0.99985033,0.99976055,0.99976055,2,chainlink,measured,0.9055000000002256,2
2025-11-20 00:00:00+00:00,0.9998,0.9998,0.99974857,0.99974857,2,chainlink,measured,0.48569999999914515,2
2025-11-21 00:00:00+00:00,0.99971687,0.99973765,0.99971687,0.99973765,2,chainlink,measured,0.47650000000065695,2
2025-11-22 00:00:00+00:00,0.99980172,0.99983272,0.99980172,0.99983272,2,chainlink,measured,2.3271999999996407,2
2025-11-23 00:00:00+00:00,0.99977,0.9998361,0.99977,0.9998361,2,chainlink,measured,1.5609999999999236,2
2025-11-24 00:00:00+00:00,0.99978111,0.99978111,0.99974699,0.99974699,2,chainlink,measured,0.46989999999969,2
2025-11-25 00:00:00+00:00,0.99984616,0.99984808,0.99984616,0.99984808,2,chainlink,measured,1.4807999999999488,2
2025-11-26 00:00:00+00:00,0.99975681,0.99982039,0.99975681,0.99982039,2,chainlink,measured,1.3039000000003576,2
2025-11-27 00:00:00+00:00,0.99980001,0.99983592,0.99980001,0.99983592,2,chainlink,measured,1.2592000000000159,2
2025-11-28 00:00:00+00:00,0.99977312,0.99977312,0.9997446,0.9997446,2,chainlink,measured,0.44599999999950235,2
2025-11-29 00:00:00+00:00,0.99986838,0.99986838,0.99985784,0.99985784,2,chainlink,measured,1.5783999999996468,2
2025-11-30 00:00:00+00:00,0.99986276,0.99986358,0.99986276,0.99986358,2,chainlink,measured,1.63579999999941,2
2025-12-01 00:00:00+00:00,0.9998,0.99981018,0.9998,0.99981018,2,chainlink,measured,1.1017999999995975,2
2025-12-02 00:00:00+00:00,0.99982322,0.99985497,0.99982322,0.99985497,2,chainlink,measured,0.4503000000000146,2
2025-12-03 00:00:00+00:00,0.99973808,0.99973808,0.9997,0.9997,2,chainlink,measured,1.8999999999991246,2
2025-12-04 00:00:00+00:00,0.9997857,0.99980961,0.9997857,0.99980961,2,chainlink,measured,0.9038999999999575,2
2025-12-05 00:00:00+00:00,0.99980774,0.99980774,0.99976073,0.99976073,2,chainlink,measured,1.2926999999995914,2
2025-12-06 00:00:00+00:00,0.99985138,0.99989521,0.99985138,0.99989521,2,chainlink,measured,1.9521000000000122,2
2025-12-07 00:00:00+00:00,0.99987815,0.99989,0.99987815,0.99989,2,chainlink,measured,0.8999999999992347,2
2025-12-08 00:00:00+00:00,0.99987609,0.99987784,0.99987609,0.99987784,2,chainlink,measured,1.7783999999998468,2
2025-12-09 00:00:00+00:00,0.99989999,0.99989999,0.99987434,0.99987434,2,chainlink,measured,0.7433999999995056,2
2025-12-10 00:00:00+00:00,0.99981,0.99985,0.99981,0.99985,2,chainlink,measured,1.4999999999998348,2
2025-12-11 00:00:00+00:00,0.99979487,0.99982076,0.99979487,0.99982076,2,chainlink,measured,0.20759999999953038,2
2025-12-12 00:00:00+00:00,0.99982,0.99989,0.99982,0.99989,2,chainlink,measured,0.8999999999992347,2
2025-12-13 00:00:00+00:00,0.99988615,0.99988615,0.99985318,0.99985318,2,chainlink,measured,1.53179999999975,2
2025-12-14 00:00:00+00:00,0.99989,0.99989,0.99985231,0.99985231,2,chainlink,measured,0.5230999999994435,2
2025-12-15 00:00:00+00:00,0.99987987,0.9999,0.99987987,0.9999,2,chainlink,measured,0.9999999999998899,2
2025-12-16 00:00:00+00:00,0.99990133,0.99990133,0.99989397,0.99989397,2,chainlink,measured,0.9396999999999878,2
2025-12-17 00:00:00+00:00,0.99984859,0.99984859,0.99982654,0.99982654,2,chainlink,measured,0.7345999999996966,2
2025-12-18 00:00:00+00:00,0.99986,0.99986,0.99978,0.99978,2,chainlink,measured,0.20000000000020002,2
2025-12-19 00:00:00+00:00,0.99982696,0.99982696,0.9997825,0.9997825,2,chainlink,measured,0.8249999999998536,2
2025-12-20 00:00:00+00:00,0.99989,0.99989884,0.99989,0.99989884,2,chainlink,measured,1.1883999999995343,2
2025-12-21 00:00:00+00:00,0.99986488,0.99987,0.99986488,0.99987,2,chainlink,measured,1.100000000000545,2
2025-12-22 00:00:00+00:00,0.99989649,0.99989649,0.99979,0.99979,2,chainlink,measured,0.8999999999992347,2
2025-12-23 00:00:00+00:00,0.99974692,0.99974692,0.99973,0.99973,2,chainlink,measured,0.700000000000145,2
2025-12-24 00:00:00+00:00,0.99974,0.9998,0.99974,0.9998,2,chainlink,measured,0.2999999999997449,2
2025-12-25 00:00:00+00:00,0.99975573,0.99981774,0.99975573,0.99981774,2,chainlink,measured,2.177399999999663,2
2025-12-26 00:00:00+00:00,0.99973558,0.99973558,0.99971968,0.99971968,2,chainlink,measured,0.803200000000226,2
2025-12-27 00:00:00+00:00,0.99979186,0.99979193,0.99979186,0.99979193,2,chainlink,measured,0.9192999999996232,2
2025-12-28 00:00:00+00:00,0.99975304,0.99980533,0.99975304,0.99980533,2,chainlink,measured,1.6533000000007458,2
2025-12-29 00:00:00+00:00,0.9997,0.9997,0.99968,0.99968,2,chainlink,measured,0.20000000000020002,2
2025-12-30 00:00:00+00:00,0.99964,0.99964436,0.99964,0.99964436,2,chainlink,measured,0.5564000000002345,2
2025-12-31 00:00:00+00:00,0.99967565,0.99967635,0.99967565,0.99967635,2,chainlink,measured,1.163499999999873,2
2026-01-01 00:00:00+00:00,0.99969269,0.9997113,0.99969269,0.9997113,2,chainlink,measured,1.6129999999991984,2
2026-01-02 00:00:00+00:00,0.99971421,0.999817,0.99971421,0.999817,2,chainlink,measured,2.169999999999117,2
2026-01-03 00:00:00+00:00,0.99983288,0.99983288,0.99979642,0.99979642,2,chainlink,measured,0.9641999999998596,2
2026-01-04 00:00:00+00:00,0.99985984,0.99986851,0.99985984,0.99986851,2,chainlink,measured,1.6850999999995508,2
2026-01-05 00:00:00+00:00,0.9998,0.9998,0.99979484,0.99979484,2,chainlink,measured,0.9483999999992943,2
2026-01-06 00:00:00+00:00,0.99983133,0.99983133,0.999779,0.999779,2,chainlink,measured,0.21000000000048757,2
2026-01-07 00:00:00+00:00,0.99977945,0.99984625,0.99977945,0.99984625,2,chainlink,measured,1.4625000000001442,2
2026-01-08 00:00:00+00:00,0.99977,0.99977,0.99974721,0.99974721,2,chainlink,measured,0.47209999999964225,2
2026-01-09 00:00:00+00:00,0.99966687,0.9997,0.99966687,0.9997,2,chainlink,measured,0.9999999999998899,2
2026-01-10 00:00:00+00:00,0.99969,0.99970951,0.99969,0.99970951,2,chainlink,measured,1.0950999999992383,2
2026-01-11 00:00:00+00:00,0.9997039,0.99973753,0.9997039,0.99973753,2,chainlink,measured,0.8752999999994682,2
2026-01-12 00:00:00+00:00,0.99967,0.99967,0.99964644,0.99964644,2,chainlink,measured,1.5355999999999703,2
2026-01-13 00:00:00+00:00,0.99975,0.99975,0.99971577,0.99971577,2,chainlink,measured,0.8423000000001846,2
2026-01-14 00:00:00+00:00,0.9997008,0.99974,0.9997008,0.99974,2,chainlink,measured,1.3999999999991797,2
2026-01-15 00:00:00+00:00,0.99975,0.99975,0.99968,0.99968,2,chainlink,measured,1.2000000000000899,2
2026-01-16 00:00:00+00:00,0.99981,0.99981,0.99979,0.99979,2,chainlink,measured,0.20000000000020002,2
2026-01-17 00:00:00+00:00,0.99979346,0.99979346,0.99976928,0.99976928,2,chainlink,measured,0.6927999999994938,2
2026-01-18 00:00:00+00:00,0.99981724,0.99981724,0.99975,0.99975,2,chainlink,measured,0.49999999999994493,2
2026-01-19 00:00:00+00:00,0.99980077,0.99980077,0.99978427,0.99978427,2,chainlink,measured,0.9427000000006291,2
2026-01-20 00:00:00+00:00,0.99972842,0.99972842,0.999667,0.999667,2,chainlink,measured,1.3300000000004975,2
2026-01-21 00:00:00+00:00,0.9997479,0.9997479,0.99966,0.99966,2,chainlink,measured,0.40000000000040004,2
2026-01-22 00:00:00+00:00,0.99982,0.99982,0.99976398,0.99976398,2,chainlink,measured,0.7398000000002902,2
2026-01-23 00:00:00+00:00,0.99970296,0.99974739,0.99970296,0.99974739,2,chainlink,measured,2.4738999999995848,2
2026-01-24 00:00:00+00:00,0.99980356,0.99980356,0.99974,0.99974,2,chainlink,measured,1.2999999999996348,2
2026-01-25 00:00:00+00:00,0.9996904,0.9996904,0.99968892,0.99968892,2,chainlink,measured,0.11080000000052159,2
2026-01-26 00:00:00+00:00,0.99962616,0.99962616,0.99961,0.99961,2,chainlink,measured,0.900000000000345,2
2026-01-27 00:00:00+00:00,0.99967883,0.99968715,0.99967883,0.99968715,2,chainlink,measured,0.8714999999992479,2
2026-01-28 00:00:00+00:00,0.999695,0.99970574,0.999695,0.99970574,2,chainlink,measured,1.1574000000003082,2
2026-01-29 00:00:00+00:00,0.9996438,0.9996438,0.99964,0.99964,2,chainlink,measured,0.40000000000040004,2
2026-01-30 00:00:00+00:00,0.99973804,0.99973804,0.99968625,0.99968625,2,chainlink,measured,0.8624999999995442,2
2026-01-31 00:00:00+00:00,0.99960466,0.99964,0.99960466,0.99964,2,chainlink,measured,1.3999999999991797,2
2026-02-01 00:00:00+00:00,0.99972795,0.99976253,0.99972795,0.99976253,2,chainlink,measured,0.6253000000000508,2
2026-02-02 00:00:00+00:00,0.9997,0.9997,0.99965,0.99965,2,chainlink,measured,0.49999999999994493,2
2026-02-03 00:00:00+00:00,0.99972,0.99974153,0.99972,0.99974153,2,chainlink,measured,1.415299999999453,2
2026-02-04 00:00:00+00:00,0.99973,0.99973,0.99967205,0.99967205,2,chainlink,measured,1.279499999999878,2
2026-02-05 00:00:00+00:00,0.99974472,0.99975714,0.99974472,0.99975714,2,chainlink,measured,2.1714000000006006,2
2026-02-06 00:00:00+00:00,0.99981,0.99981,0.99981,0.99981,2,chainlink,measured,0.49999999999994493,2
2026-02-07 00:00:00+00:00,0.99987291,0.99987291,0.99986589,0.99986589,2,chainlink,measured,2.1588999999999636,2
2026-02-08 00:00:00+00:00,0.99980803,0.99985029,0.99980803,0.99985029,2,chainlink,measured,0.5029000000000838,2
2026-02-09 00:00:00+00:00,0.99981206,0.99981206,0.99980492,0.99980492,2,chainlink,measured,0.04919999999963842,2
2026-02-10 00:00:00+00:00,1.0,1.0,0.99988,0.99988,2,chainlink,measured,1.40000000000029,2
2026-02-11 00:00:00+00:00,0.9999,0.9999,0.99987,0.99987,2,chainlink,measured,0.700000000000145,2
2026-02-12 00:00:00+00:00,0.99981257,0.99983,0.99981257,0.99983,2,chainlink,measured,1.40000000000029,2
2026-02-13 00:00:00+00:00,0.99992486,0.99992486,0.99985775,0.99985775,2,chainlink,measured,0.5224999999997593,2
2026-02-14 00:00:00+00:00,0.99995,0.99995458,0.99995,0.99995458,2,chainlink,measured,1.5458000000001526,2
2026-02-15 00:00:00+00:00,0.99995808,0.99995808,0.99990229,0.99990229,2,chainlink,measured,0.9771000000002861,2
2026-02-16 00:00:00+00:00,0.99993014,0.99993014,0.99991147,0.99991147,2,chainlink,measured,1.2147000000006791,2
2026-02-17 00:00:00+00:00,0.99985922,0.99992,0.99985922,0.99992,2,chainlink,measured,0.7999999999996898,2
2026-02-18 00:00:00+00:00,0.99988243,0.99994,0.99988243,0.99994,2,chainlink,measured,0.900000000000345,2
2026-02-19 00:00:00+00:00,0.99990139,0.99995,0.99990139,0.99995,2,chainlink,measured,1.100000000000545,2
2026-02-20 00:00:00+00:00,0.99991176,0.99994,0.99991176,0.99994,2,chainlink,measured,1.40000000000029,2
2026-02-21 00:00:00+00:00,0.99993,0.99995815,0.99993,0.99995815,2,chainlink,measured,0.5814999999997905,2
2026-02-22 00:00:00+00:00,0.99995,0.99996353,0.99995,0.99996353,2,chainlink,measured,0.6353000000003384,2
2026-02-23 00:00:00+00:00,0.99994,1.0,0.99994,1.0,2,chainlink,measured,1.9999999999997797,2
2026-02-24 00:00:00+00:00,0.99995,0.99995,0.99992,0.99992,2,chainlink,measured,0.7999999999996898,2
2026-02-25 00:00:00+00:00,0.99988,0.99993076,0.99988,0.99993076,2,chainlink,measured,0.39239999999995945,2
2026-02-26 00:00:00+00:00,0.99996,0.99999048,0.99996,0.99999048,2,chainlink,measured,1.304800000000439,2
2026-02-27 00:00:00+00:00,1.0,1.0,0.99993183,0.99993183,2,chainlink,measured,0.6817000000003404,2
2026-02-28 00:00:00+00:00,1.0,1.00001129,1.0,1.00001129,2,chainlink,measured,1.3871000000009737,2
2026-03-01 00:00:00+00:00,0.9999797,0.9999797,0.9999764,0.9999764,2,chainlink,measured,0.236000000000125,2
2026-03-02 00:00:00+00:00,1.0,1.0,0.99997355,0.99997355,2,chainlink,measured,1.7354999999996679,2
2026-03-03 00:00:00+00:00,0.99995467,0.99995467,0.99993902,0.99993902,2,chainlink,measured,0.8097999999989725,2
2026-03-04 00:00:00+00:00,0.99990822,0.99990822,0.99989,0.99989,2,chainlink,measured,1.100000000000545,2
2026-03-05 00:00:00+00:00,0.99993687,0.99993687,0.99982447,0.99982447,2,chainlink,measured,1.7553000000003482,2
2026-03-06 00:00:00+00:00,0.99985981,0.99996,0.99985981,0.99996,2,chainlink,measured,0.5999999999994898,2
2026-03-07 00:00:00+00:00,1.0,1.0,0.99996,0.99996,2,chainlink,measured,0.5999999999994898,2
2026-03-08 00:00:00+00:00,0.99999,1.0,0.99999,1.0,2,chainlink,measured,1.2000000000000899,2
2026-03-09 00:00:00+00:00,0.99997,0.99997,0.99992975,0.99992975,2,chainlink,measured,1.7025000000003843,2
2026-03-10 00:00:00+00:00,0.99999164,0.99999164,0.99995542,0.99995542,2,chainlink,measured,2.9458000000004425,2
2026-03-11 00:00:00+00:00,0.99994464,0.99999993,0.99994464,0.99999993,2,chainlink,measured,0.9992999999997032,2
2026-03-12 00:00:00+00:00,0.9999266,0.9999892,0.9999266,0.9999892,2,chainlink,measured,0.8920000000001149,2
2026-03-13 00:00:00+00:00,0.99997392,0.99997392,0.99993,0.99993,2,chainlink,measured,0.2999999999997449,2
2026-03-14 00:00:00+00:00,0.99996,1.0,0.99996,1.0,2,chainlink,measured,0.9999999999998899,2
2026-03-15 00:00:00+00:00,0.99997443,0.99997443,0.99996974,0.99996974,2,chainlink,measured,2.3025999999992663,2
2026-03-16 00:00:00+00:00,0.99995544,0.99995544,0.99991,0.99991,2,chainlink,measured,0.900000000000345,2
2026-03-17 00:00:00+00:00,0.99993129,0.99995339,0.99993129,0.99995339,2,chainlink,measured,0.8339000000001651,2
2026-03-18 00:00:00+00:00,0.9999,0.9999,0.99989274,0.99989274,2,chainlink,measured,1.672600000000024,2
2026-03-19 00:00:00+00:00,0.99993389,0.99993389,0.99992204,0.99992204,2,chainlink,measured,0.7796000000004355,2
2026-03-20 00:00:00+00:00,0.99996042,0.99996042,0.99994497,0.99994497,2,chainlink,measured,0.5502999999995595,2
2026-03-21 00:00:00+00:00,0.99994767,1.00000235,0.99994767,1.00000235,2,chainlink,measured,1.0234999999991778,2
2026-03-22 00:00:00+00:00,0.99996,0.99998751,0.99996,0.99998751,2,chainlink,measured,0.8750999999995734,2
2026-03-23 00:00:00+00:00,0.99993665,0.99993665,0.99992523,0.99992523,2,chainlink,measured,1.5522999999995069,2
2026-03-24 00:00:00+00:00,0.99994982,0.99995925,0.99994982,0.99995925,2,chainlink,measured,1.5924999999994416,2
2026-03-25 00:00:00+00:00,0.9999,0.9999,0.99989,0.99989,2,chainlink,measured,1.2999999999996348,2
2026-03-26 00:00:00+00:00,0.99987,0.99987,0.99978842,0.99978842,2,chainlink,measured,0.8841999999997796,2
2026-03-27 00:00:00+00:00,0.99975181,0.99975181,0.99967,0.99967,2,chainlink,measured,1.300000000000745,2
2026-03-28 00:00:00+00:00,0.99973882,0.99994548,0.99973882,0.99994548,2,chainlink,measured,2.4548000000002013,2
2026-03-29 00:00:00+00:00,0.99973,0.99973,0.99972,0.99972,2,chainlink,measured,0.7999999999996898,2
2026-03-30 00:00:00+00:00,0.99969542,0.9997,0.99969542,0.9997,2,chainlink,measured,0.40000000000040004,2
2026-03-31 00:00:00+00:00,0.99962,0.99962,0.99961884,0.99961884,2,chainlink,measured,0.8116000000002455,2
2026-04-01 00:00:00+00:00,0.99975929,0.99979524,0.99975929,0.99979524,2,chainlink,measured,1.0476000000003705,2
2026-04-02 00:00:00+00:00,0.99989,0.99989837,0.99989,0.99989837,2,chainlink,measured,0.48370000000019786,2
2026-04-03 00:00:00+00:00,0.99988158,0.99991,0.99988158,0.99991,2,chainlink,measured,0.5999999999994898,2
2026-04-04 00:00:00+00:00,0.99992572,0.99992572,0.99991,0.99991,2,chainlink,measured,1.0999999999994348,2
2026-04-05 00:00:00+00:00,0.99990677,0.99994,0.99990677,0.99994,2,chainlink,measured,1.40000000000029,2
2026-04-06 00:00:00+00:00,0.99987,0.9999,0.99987,0.9999,2,chainlink,measured,0.9999999999998899,2
2026-04-07 00:00:00+00:00,0.9998,0.99986,0.9998,0.99986,2,chainlink,measured,1.40000000000029,2
2026-04-08 00:00:00+00:00,0.99990293,0.99992,0.99990293,0.99992,2,chainlink,measured,1.2000000000000899,2
2026-04-09 00:00:00+00:00,0.99989562,0.99989562,0.99982464,0.99982464,2,chainlink,measured,0.7535999999996879,2
2026-04-10 00:00:00+00:00,0.99988,0.99988,0.99984299,0.99984299,2,chainlink,measured,1.1700999999997297,2
2026-04-11 00:00:00+00:00,0.99992448,0.99992448,0.99984195,0.99984195,2,chainlink,measured,0.5805000000003169,2
2026-04-12 00:00:00+00:00,0.99983603,0.99987,0.99983603,0.99987,2,chainlink,measured,0.700000000000145,2
2026-04-13 00:00:00+00:00,0.99981623,0.99981623,0.99979,0.99979,2,chainlink,measured,0.8999999999992347,2
2026-04-14 00:00:00+00:00,0.99978835,0.99978835,0.99973,0.99973,2,chainlink,measured,2.100000000000435,2
2026-04-15 00:00:00+00:00,0.99981,0.99981,0.99977,0.99977,2,chainlink,measured,1.2999999999996348,2
2026-04-16 00:00:00+00:00,0.99979946,0.99981,0.99979946,0.99981,2,chainlink,measured,0.2999999999997449,2
2026-04-17 00:00:00+00:00,0.99983389,0.99983389,0.99981,0.99981,2,chainlink,measured,1.4999999999998348,2
2026-04-18 00:00:00+00:00,0.99986,0.99986,0.99984,0.99984,2,chainlink,measured,1.3999999999991797,2
2026-04-19 00:00:00+00:00,0.99983,0.99983,0.99983,0.99983,2,chainlink,measured,0.40000000000040004,2
2026-04-20 00:00:00+00:00,0.99984618,0.99984618,0.99972,0.99972,2,chainlink,measured,1.8999999999991246,2
2026-04-21 00:00:00+00:00,0.99979,0.99982395,0.99979,0.99982395,2,chainlink,measured,1.239499999999838,2
2026-04-22 00:00:00+00:00,0.99987971,0.99987971,0.99982403,0.99982403,2,chainlink,measured,1.2402999999994169,2
2026-04-23 00:00:00+00:00,0.99973359,0.99976743,0.99973359,0.99976743,2,chainlink,measured,0.5257000000002954,2
2026-04-24 00:00:00+00:00,0.99986,0.99986,0.99985421,0.99985421,2,chainlink,measured,1.5420999999993246,2
2026-04-25 00:00:00+00:00,0.9997854,0.99987462,0.9997854,0.99987462,2,chainlink,measured,0.7462000000002522,2
2026-04-26 00:00:00+00:00,0.99988686,0.99988686,0.99988466,0.99988466,2,chainlink,measured,0.8465999999995866,2
2026-04-27 00:00:00+00:00,0.99975503,0.99979871,0.99975503,0.99979871,2,chainlink,measured,0.3129000000001714,2
2026-04-28 00:00:00+00:00,0.99980073,0.99981488,0.99980073,0.99981488,2,chainlink,measured,0.15120000000035105,2
2026-04-29 00:00:00+00:00,0.99978608,0.99979295,0.99978608,0.99979295,2,chainlink,measured,0.07050000000008438,2
2026-04-30 00:00:00+00:00,0.99978984,0.99978984,0.99973,0.99973,2,chainlink,measured,0.2999999999997449,2
2026-05-01 00:00:00+00:00,0.99968688,0.99977,0.99968688,0.99977,2,chainlink,measured,0.6999999999990347,2
2026-05-02 00:00:00+00:00,0.99980327,0.99983,0.99980327,0.99983,2,chainlink,measured,0.40000000000040004,2
2026-05-03 00:00:00+00:00,0.99990178,0.99990806,0.99990178,0.99990806,2,chainlink,measured,1.080599999999654,2
2026-05-04 00:00:00+00:00,0.99979094,0.99982,0.99979094,0.99982,2,chainlink,measured,0.7999999999996898,2
2026-05-05 00:00:00+00:00,0.99985,0.99985,0.99985,0.99985,2,chainlink,measured,0.49999999999994493,2
2026-05-06 00:00:00+00:00,0.99979,0.9998,0.99979,0.9998,2,chainlink,measured,1.0999999999994348,2
2026-05-07 00:00:00+00:00,0.99983,0.99984,0.99983,0.99984,2,chainlink,measured,0.6000000000006,2
2026-05-08 00:00:00+00:00,0.99992,0.99992,0.99988,0.99988,2,chainlink,measured,0.20000000000020002,2
2026-05-09 00:00:00+00:00,0.99981467,0.99981467,0.99977706,0.99977706,2,chainlink,measured,1.129399999999503,2
2026-05-10 00:00:00+00:00,0.99980458,0.99980458,0.99980207,0.99980207,2,chainlink,measured,0.9793000000002383,2
2026-05-11 00:00:00+00:00,0.9998,0.9998,0.99977982,0.99977982,2,chainlink,measured,1.2018000000002527,2
2026-05-12 00:00:00+00:00,0.9998,0.9998,0.99977029,0.99977029,2,chainlink,measured,0.39710000000026113,2
2026-05-13 00:00:00+00:00,0.99977,0.99977,0.99975,0.99975,2,chainlink,measured,0.49999999999994493,2
2026-05-14 00:00:00+00:00,0.99974509,0.99974509,0.99973,0.99973,2,chainlink,measured,0.49999999999994493,2
2026-05-15 00:00:00+00:00,0.99970016,0.99970386,0.99970016,0.99970386,2,chainlink,measured,0.9614000000002232,2
2026-05-16 00:00:00+00:00,0.99975026,0.99975026,0.99974295,0.99974295,2,chainlink,measured,1.470499999999264,2
2026-05-17 00:00:00+00:00,0.99983,0.99983,0.9998,0.9998,2,chainlink,measured,0.40000000000040004,2
2026-05-18 00:00:00+00:00,0.99969055,0.99972047,0.99969055,0.99972047,2,chainlink,measured,1.5953000000001882,2
2026-05-19 00:00:00+00:00,0.99972114,0.99972114,0.9997,0.9997,2,chainlink,measured,0.2999999999997449,2
2026-05-20 00:00:00+00:00,0.99969,0.99969,0.99968251,0.99968251,2,chainlink,measured,0.17490000000064398,2
2026-05-21 00:00:00+00:00,0.99961654,0.99964889,0.99961654,0.99964889,2,chainlink,measured,3.511099999999878,2
2026-05-22 00:00:00+00:00,0.99965562,0.99967,0.99965562,0.99967,2,chainlink,measured,0.6999999999990347,2
2026-05-23 00:00:00+00:00,0.99959723,0.99969,0.99959723,0.99969,2,chainlink,measured,0.8999999999992347,2
2026-05-24 00:00:00+00:00,0.99968457,0.99972,0.99968457,0.99972,2,chainlink,measured,1.2000000000000899,2
2026-05-25 00:00:00+00:00,0.99964,0.99965621,0.99964,0.99965621,2,chainlink,measured,0.5621000000000098,2
2026-05-26 00:00:00+00:00,0.99962789,0.99962789,0.99961478,0.99961478,2,chainlink,measured,0.9521999999995145,2
2026-05-27 00:00:00+00:00,0.99955765,0.99960905,0.99955765,0.99960905,2,chainlink,measured,0.2904999999997493,2
2026-05-28 00:00:00+00:00,0.99947,0.99947071,0.99947,0.99947071,2,chainlink,measured,5.292900000000156,2
2026-05-29 00:00:00+00:00,0.99951157,0.99951926,0.99951157,0.99951926,2,chainlink,measured,1.2073999999995255,2
2026-05-30 00:00:00+00:00,0.99966257,0.99966257,0.99959934,0.99959934,2,chainlink,measured,0.2933999999998882,2
2026-05-31 00:00:00+00:00,0.99958845,0.9995895,0.99958845,0.9995895,2,chainlink,measured,0.8949999999996461,2
2026-06-01 00:00:00+00:00,0.99959492,0.99959644,0.99959492,0.99959644,2,chainlink,measured,1.0356000000000254,2
2026-06-02 00:00:00+00:00,0.9996,0.99966286,0.9996,0.99966286,2,chainlink,measured,0.6713999999996556,2
2026-06-03 00:00:00+00:00,0.99963118,0.99968,0.99963118,0.99968,2,chainlink,measured,0.20000000000020002,2
2026-06-04 00:00:00+00:00,0.99963916,0.99963916,0.99960943,0.99960943,2,chainlink,measured,0.9057000000001203,2
2026-06-05 00:00:00+00:00,0.99964711,0.99964711,0.99964571,0.99964571,2,chainlink,measured,1.5429000000000137,2
2026-06-06 00:00:00+00:00,0.9996612,0.9996612,0.99965695,0.99965695,2,chainlink,measured,0.7305000000001893,2
2026-06-07 00:00:00+00:00,0.99968,0.99972058,0.99968,0.99972058,2,chainlink,measured,0.2057999999993676,2
2026-06-08 00:00:00+00:00,0.99958213,0.99967,0.99958213,0.99967,2,chainlink,measured,1.000000000001,2
2026-06-09 00:00:00+00:00,0.99970809,0.99970809,0.99965214,0.99965214,2,chainlink,measured,1.5785999999995415,2
2026-06-10 00:00:00+00:00,0.99966767,0.99971,0.99966767,0.99971,2,chainlink,measured,0.900000000000345,2
2026-06-11 00:00:00+00:00,0.99969939,0.99977544,0.99969939,0.99977544,3,chainlink,measured,2.5543999999999567,2
2026-06-12 00:00:00+00:00,0.99969,0.99969,0.99969,0.99969,1,chainlink,measured,0.20000000000020002,2
2026-06-13 00:00:00+00:00,0.99976449,0.99977,0.99976449,0.99977,2,chainlink,measured,0.700000000000145,2
2026-06-14 00:00:00+00:00,0.99970223,0.99976,0.99970223,0.99976,2,chainlink,measured,2.4999999999997247,2
2026-06-15 00:00:00+00:00,0.99976,0.99976,0.99970974,0.99970974,2,chainlink,measured,0.19740000000045832,2
2026-06-16 00:00:00+00:00,0.99970272,0.99973,0.99970272,0.99973,2,chainlink,measured,0.40000000000040004,2
2026-06-17 00:00:00+00:00,0.99962875,0.99967,0.99962875,0.99967,2,chainlink,measured,0.30000000000085514,2
2026-06-18 00:00:00+00:00,0.99976546,0.99976546,0.99976337,0.99976337,2,chainlink,measured,1.3662999999997094,2
2026-06-19 00:00:00+00:00,0.99973106,0.9997607,0.99973106,0.9997607,2,chainlink,measured,1.6069999999990259,2
2026-06-20 00:00:00+00:00,0.99977,0.99977,0.99975,0.99975,2,chainlink,measured,0.700000000000145,2
2026-06-21 00:00:00+00:00,0.99969,0.99972,0.99969,0.99972,2,chainlink,measured,0.30000000000085514,2
2026-06-22 00:00:00+00:00,0.99977665,0.99977665,0.99974626,0.99974626,2,chainlink,measured,4.862599999999606,2
2026-06-23 00:00:00+00:00,0.99971,0.99971,0.99966728,0.99966728,2,chainlink,measured,1.3271999999997508,2
2026-06-24 00:00:00+00:00,0.99968839,0.99968839,0.99967,0.99967,2,chainlink,measured,5.999999999999339,2
2026-06-25 00:00:00+00:00,0.9996,0.99965,0.9996,0.99965,2,chainlink,measured,0.49999999999994493,2
2026-06-26 00:00:00+00:00,0.99965,0.99965567,0.99965,0.99965567,2,chainlink,measured,5.156699999999681,2
2026-06-27 00:00:00+00:00,0.99956803,0.99964875,0.99956803,0.99964875,2,chainlink,measured,0.587499999999963,2
2026-06-28 00:00:00+00:00,0.99970007,0.99970007,0.99960131,0.99960131,2,chainlink,measured,0.5130999999991559,2
2026-06-29 00:00:00+00:00,0.99959627,0.99960043,0.99959627,0.99960043,2,chainlink,measured,0.09570000000014289,2
2026-06-30 00:00:00+00:00,0.99957271,0.99961311,0.99957271,0.99961311,2,chainlink,measured,0.7310999999998735,2
2026-07-01 00:00:00+00:00,0.99961802,0.99961802,0.99957,0.99957,2,chainlink,measured,1.80000000000069,2
2026-07-02 00:00:00+00:00,0.99967106,0.99967106,0.99962077,0.99962077,2,chainlink,measured,1.492300000000002,2
2026-07-03 00:00:00+00:00,0.99966625,0.99975557,0.99966625,0.99975557,2,chainlink,measured,1.444299999999732,2
2026-07-04 00:00:00+00:00,0.99978,0.99978,0.99978,0.99978,2,chainlink,measured,0.7999999999996898,2
2026-07-05 00:00:00+00:00,0.99974,0.99976432,0.99974,0.99976432,2,chainlink,measured,0.3567999999998239,2
2026-07-06 00:00:00+00:00,0.99977,0.99978657,0.99977,0.99978657,2,chainlink,measured,0.7342999999992994,2
2026-07-07 00:00:00+00:00,0.99973,0.99975626,0.99973,0.99975626,2,chainlink,measured,1.4374000000005882,2
2026-07-08 00:00:00+00:00,0.99976371,0.99978157,0.99976371,0.99978157,2,chainlink,measured,0.18430000000013713,2
2026-07-09 00:00:00+00:00,0.99973,0.99976089,0.99973,0.99976089,2,chainlink,measured,0.8911000000000335,2
2026-07-10 00:00:00+00:00,0.99969,0.99969,0.99969,0.99969,2,chainlink,measured,1.100000000000545,2
2026-07-11 00:00:00+00:00,0.99985,0.99985,0.99983369,0.99983369,2,chainlink,measured,1.3368999999996412,2
2026-07-12 00:00:00+00:00,0.99977654,0.99980585,0.99977654,0.99980585,2,chainlink,measured,0.45850000000013935,2
2026-07-13 00:00:00+00:00,0.99975684,0.99975684,0.99974912,0.99974912,2,chainlink,measured,1.1087999999992437,2
2026-07-14 00:00:00+00:00,0.99976576,0.99976576,0.99972819,0.99972819,2,chainlink,measured,1.7180999999999447,2
2026-07-15 00:00:00+00:00,0.99982572,0.99982572,0.99978519,0.99978519,2,chainlink,measured,1.8518999999994623,2
2026-07-16 00:00:00+00:00,0.99977888,0.99977888,0.99976264,0.99976264,2,chainlink,measured,0.8735999999998079,2
2026-07-17 00:00:00+00:00,0.99985,0.99985012,0.99985,0.99985012,2,chainlink,measured,0.7988000000003215,2
2026-07-18 00:00:00+00:00,0.99985542,0.99987823,0.99985542,0.99987823,2,chainlink,measured,0.9177000000004654,2
2026-07-19 00:00:00+00:00,0.99988,0.99988,0.99987522,0.99987522,2,chainlink,measured,0.7521999999993145,2
2026-07-20 00:00:00+00:00,0.99982,0.9998239,0.99982,0.9998239,2,chainlink,measured,0.2610000000002888,2
2026-07-21 00:00:00+00:00,0.99987991,0.99988275,0.99987991,0.99988275,2,chainlink,measured,1.1724999999995767,2
2026-07-22 00:00:00+00:00,0.99989289,0.99989289,0.99986785,0.99986785,2,chainlink,measured,1.3214999999999755,2
2026-07-23 00:00:00+00:00,0.99990776,0.99990776,0.99988171,0.99988171,2,chainlink,measured,0.1828999999997638,2
2026-07-24 00:00:00+00:00,0.99993924,0.99993924,0.9999132,0.9999132,2,chainlink,measured,0.13199999999935486,2
2026-07-25 00:00:00+00:00,0.99996042,0.99996042,0.99993041,0.99993041,2,chainlink,measured,1.3041000000002523,2
2026-07-26 00:00:00+00:00,0.9999053,0.99996541,0.9999053,0.99996541,2,chainlink,measured,0.6541000000004349,2
2026-07-27 00:00:00+00:00,0.99989559,0.99989908,0.99989559,0.99989908,2,chainlink,measured,0.9908000000002914,2
2026-07-28 00:00:00+00:00,0.99980937,0.99986813,0.99980937,0.99986813,2,chainlink,measured,0.5812999999998958,2
2026-07-29 00:00:00+00:00,0.99982543,0.99982543,0.99981,0.99981,2,chainlink,measured,1.0999999999994348,2
2026-07-30 00:00:00+00:00,0.99974,0.99974,0.99973741,0.99973741,2,chainlink,measured,0.37410000000015486,2
2026-07-31 00:00:00+00:00,0.99965893,0.99973785,0.99965893,0.99973785,2,chainlink,measured,0.7214999999993754,2
2026-08-01 00:00:00+00:00,0.99982991,0.99982991,0.99980784,0.99980784,2,chainlink,measured,0.7783999999999569,2
2026-08-02 00:00:00+00:00,0.99979376,0.99979709,0.99979376,0.99979709,2,chainlink,measured,0.27090000000007386,2
2026-08-03 00:00:00+00:00,0.99977718,0.99977718,0.99975296,0.99975296,2,chainlink,measured,0.47039999999998194,2
2026-08-04 00:00:00+00:00,0.9997305,0.99974201,0.9997305,0.99974201,2,chainlink,measured,0.5799000000006327,2
2026-08-05 00:00:00+00:00,0.99974686,0.99977643,0.99974686,0.99977643,2,chainlink,measured,0.3356999999992727,2
2026-08-06 00:00:00+00:00,0.99979463,0.99979463,0.99976752,0.99976752,2,chainlink,measured,1.024800000000159,2
2026-08-07 00:00:00+00:00,0.9997785,0.9997785,0.99972287,0.99972287,2,chainlink,measured,1.571299999999498,2
2026-08-08 00:00:00+00:00,0.99990357,0.99990357,0.99989131,0.99989131,2,chainlink,measured,0.11309999999986609,2
2026-08-09 00:00:00+00:00,0.99984598,0.99984598,0.99980963,0.99980963,2,chainlink,measured,0.2963000000000271,2
2026-08-10 00:00:00+00:00,0.99990021,0.99990021,0.9998699,0.9998699,2,chainlink,measured,0.6989999999995611,2
2026-08-11 00:00:00+00:00,0.99980404,0.99980404,0.99980286,0.99980286,2,chainlink,measured,0.028599999999379122,2
2026-08-12 00:00:00+00:00,0.99981594,0.99982458,0.99981594,0.99982458,2,chainlink,measured,0.4457999999996076,2
2026-08-13 00:00:00+00:00,0.99981527,0.99981527,0.9998,0.9998,2,chainlink,measured,0.9999999999998899,2
2026-08-14 00:00:00+00:00,0.99987126,0.99987126,0.99986803,0.99986803,2,chainlink,measured,0.680299999999967,2
2026-08-15 00:00:00+00:00,0.99986,0.99989939,0.99986,0.99989939,2,chainlink,measured,0.9939000000003251,2
2026-08-16 00:00:00+00:00,0.99984031,0.99984718,0.99984031,0.99984718,2,chainlink,measured,0.5282000000006448,2
2026-08-17 00:00:00+00:00,0.99984168,0.99984168,0.99983354,0.99983354,2,chainlink,measured,0.3353999999999857,2
2026-08-18 00:00:00+00:00,0.99986249,0.99987,0.99986249,0.99987,2,chainlink,measured,0.700000000000145,2
2026-08-19 00:00:00+00:00,0.99987115,0.99987115,0.99980848,0.99980848,2,chainlink,measured,0.415200000000171,2
2026-08-20 00:00:00+00:00,0.99987212,0.99988573,0.99987212,0.99988573,2,chainlink,measured,0.14269999999982907,2
2026-08-21 00:00:00+00:00,0.99990362,0.99990502,0.99990362,0.99990502,2,chainlink,measured,0.9497999999996676,2
2026-08-22 00:00:00+00:00,0.99990553,0.99994251,0.99990553,0.99994251,2,chainlink,measured,2.325100000000191,2
2026-08-23 00:00:00+00:00,0.99992376,0.99992376,0.99991,0.99991,2,chainlink,measured,0.900000000000345,2
2026-08-24 00:00:00+00:00,0.99995428,0.99995428,0.99986388,0.99986388,2,chainlink,measured,1.3611999999996183,2
2026-08-25 00:00:00+00:00,0.99993882,0.99994916,0.99993882,0.99994916,2,chainlink,measured,1.4915999999998153,2
2026-08-26 00:00:00+00:00,0.99999,0.99999,0.99990602,0.99990602,2,chainlink,measured,0.9398000000004902,2
2026-08-27 00:00:00+00:00,0.99993552,0.99994928,0.99993552,0.99994928,2,chainlink,measured,0.5071999999994858,2
2026-08-28 00:00:00+00:00,0.99996634,0.99998574,0.99996634,0.99998574,2,chainlink,measured,0.857399999999453,2
2026-08-29 00:00:00+00:00,0.99994863,0.99994863,0.99993,0.99993,2,chainlink,measured,0.700000000000145,2
2026-08-30 00:00:00+00:00,0.99995768,0.99995768,0.99994,0.99994,2,chainlink,measured,1.40000000000029,2
2026-08-31 00:00:00+00:00,0.99993015,0.99993015,0.99991656,0.99991656,2,chainlink,measured,0.834400000000457,2
2026-09-01 00:00:00+00:00,0.99992208,0.99992208,0.99989777,0.99989777,2,chainlink,measured,1.2776999999997152,2
2026-09-02 00:00:00+00:00,0.99980711,0.9998192,0.99980711,0.9998192,2,chainlink,measured,0.19199999999996997,2
2026-09-03 00:00:00+00:00,0.9998227,0.9998227,0.99980322,0.99980322,2,chainlink,measured,0.9678000000001852,2
2026-09-04 00:00:00+00:00,0.99985,0.99985,0.99979,0.99979,2,chainlink,measured,1.100000000000545,2
